experiment_id,timestamp,run_time,config_id,experiment_tags
1a816ebc-8972-4130-8e6a-75492978cbdb,1671197697,37,17d9e42b-8e57-4ede-b5d9-695fd8c96524,[]
cee14d27-c267-4b07-a8ae-d76274dabe51,1671197697,41,fe2afdbf-7839-4cdb-b7e2-075d747bf99c,[]
21a2ea56-86c1-4f68-bab3-619895be0559,1671197697,45,d89b1c85-554d-4750-ae3e-309c31d855f1,[]
a81345cb-f175-4f4f-974e-2c7d2183815e,1671197697,46,a87c17d7-96e0-484f-9576-3c176f4bc768,[]
419e95d9-3cee-4368-9c18-280400b2d0a1,1671197697,49,ce61f388-a4d0-4052-9d74-a0e4a16a08c2,[]
bfe243c0-92ba-4ca5-9691-ca264d9b4ede,1671197697,52,88550f4c-a4cb-4814-9772-e12baf184e5a,[]
e3b72c5b-f596-4a8c-948a-bf1269daec49,1671197697,53,6031c94e-f0ae-4b43-a774-2a0c0fdb826c,[]
3447c331-e4e6-4222-8c8f-fcefb1cc269e,1671197697,53,0f1768e9-c95e-4e43-97b5-073384b67cda,[]
98a80a2c-7125-4b04-b253-5701450aa78a,1671197697,54,14f772d1-fad5-4886-a5b8-515e1ec5f442,[]
f1aa23e3-4507-43b0-9945-1af2872a0204,1671197697,54,7f05d0ee-5fb4-46b4-aae3-15acc04d588b,[]
092822fb-885f-418e-9aec-af6e103cdb3c,1671197697,54,3cd8f6e8-5445-4323-b15c-47029b1c104b,[]
0ffe7ae4-029d-4ce1-a844-1d615941d512,1671197697,54,2f330e2f-00eb-41fc-8add-3cf087eb4d3b,[]
c2af7f0f-401a-455b-b792-be93b7af33f5,1671197735,46,64602e57-6302-47ce-b03a-291692ee9ccb,[]
b477268a-5cf5-4178-96b2-dd47ccc6bb5d,1671197753,40,709da5c7-748a-4d70-8383-7dd7fad5f0b4,[]
277d3214-789d-4278-a10c-77321ddb77db,1671197753,41,598b838d-d75b-4264-85bd-49073834fd03,[]
6045b477-73b2-4f55-b31a-f740ed39385c,1671197753,42,c6432980-e5fd-417a-b6e4-d7c2dfcfa702,[]
22da8f26-6af9-425b-be4e-a894362a463f,1671197752,45,11329037-b82d-4ea2-b33c-43376126843a,[]
ac4ea2e6-6b67-4e50-96b9-ccf1d870ddd3,1671197752,53,0a3f4e2a-e461-4c29-b256-7dc6b38f1dc7,[]
7b7c9657-e6e1-4b09-9de0-5319a3786974,1671197740,65,04a65d52-0ed0-4c19-99a1-b4999d59da2c,[]
bea32570-336a-42fa-9a70-1969c0709269,1671197745,62,b026ab6d-6a12-4ab7-ad59-bec461c6e0eb,[]
3cc56014-9f21-417c-a250-d43e6753c49d,1671197743,63,5e86dc2a-b151-4f2d-b110-36be59e838d6,[]
ebae9e4f-460e-4099-b4ce-5bbb5e0033eb,1671197752,55,26fd5582-35b3-4d55-af5b-5070887557b1,[]
449edbea-4708-4c8a-bfe6-631d9a7b514a,1671197748,59,99809f05-0105-4da7-aa3c-0b52115ca569,[]
ecd82914-1f8c-4fc8-a01c-9f44f4ddd0b6,1671197751,57,eeba8c6c-6a47-476e-a2ab-2a6b3bb36579,[]
086eac2e-5f37-418e-9c5f-0a9d4ac47a29,1671198937,49,421e772c-7a16-4c80-990a-55c4556a1f0d,[]
20374707-0bef-46c8-9baa-93ae28d4fdb6,1671198937,50,13bb38dd-c07a-492e-8dbd-c1b685337341,[]
661c4c21-1aa6-483e-a74d-876e81e324dd,1671198937,51,ab0f15be-951d-4940-beab-87dac42b4ef7,[]
76e991c5-e8fa-4087-92fa-dfa01c792074,1671198937,51,ab75e345-aeba-45b7-a45a-b3e23ebc3003,[]
a17432f3-900a-4072-bfe2-f8c6362d47e7,1671198937,51,a45df060-74e6-4af5-b894-2845106aca7d,[]
bb8736e6-f404-4d7d-873d-36d1e32995a3,1671198937,52,20741bc4-a76c-4b6c-8d63-5d452c33e0df,[]
770188a0-629f-42ca-a2c7-6404c5cbe74d,1671198937,53,2587df5f-9ff2-47af-abe3-86faed445b8b,[]
b9493036-0685-451d-b52b-90c69557ca53,1671198937,53,0cf20414-3da7-4096-bdd5-7ff481033d5a,[]
951bb161-a0fe-452a-aa63-335c303ae48d,1671198937,53,d7672775-3124-40e8-8aaa-cc2515d5f6da,[]
e7e83a15-2d3f-4064-8469-21fba16bbb1c,1671198937,53,5ab402de-91f3-486e-8f45-1089912cc566,[]
8a1bfa3e-cbab-4e5c-a6c9-94d2deb43ab2,1671198937,54,10e8ec3b-3401-44f0-98e3-16db706a80b5,[]
8793db08-5043-49ce-ab88-37b03859de2c,1671198937,55,4f8e6f9e-97ae-4f88-b50f-8419b8cee0cf,[]
0b20c040-3ae5-480f-b3b7-e4e11c5d5d85,1671198990,19,733b28fb-6926-4fa1-a1ba-53d055fad6aa,[]
0c9e0039-f4c4-49e5-9e2a-41c05ac66c6f,1671198990,20,83745520-a857-47dd-8ea0-f129ddbe8674,[]
36b961f7-6f8f-43fe-b1ae-d465777020fe,1671198989,22,30d4d394-4721-4fd1-9374-f2e06f7989ee,[]
3e7ccc77-5eee-4b66-9499-10ca6ec33d06,1671198988,23,b1c0a52d-fff2-46ff-88db-9fd42061e4a5,[]
