experiment_id,measurement_type,x,value
8d79e2ac-25ce-4deb-90ad-386b65efa137,SPREAD,1.0,0.9802058139929
8d79e2ac-25ce-4deb-90ad-386b65efa137,SPREAD,249.0,0.9633541902532003
8d79e2ac-25ce-4deb-90ad-386b65efa137,SPREAD,499.0,0.9247631761843248
8d79e2ac-25ce-4deb-90ad-386b65efa137,SPREAD,749.0,0.8805160419183518
8d79e2ac-25ce-4deb-90ad-386b65efa137,SPREAD,999.0,0.8355004501704435
8d79e2ac-25ce-4deb-90ad-386b65efa137,SPREAD,1249.0,0.7926144555698558
8d79e2ac-25ce-4deb-90ad-386b65efa137,SPREAD,1499.0,0.7553130663041824
8d79e2ac-25ce-4deb-90ad-386b65efa137,SPREAD,1749.0,0.7148398988043366
8d79e2ac-25ce-4deb-90ad-386b65efa137,SPREAD,1999.0,0.683223309196437
8d79e2ac-25ce-4deb-90ad-386b65efa137,SPREAD,2249.0,0.6616879747905584
8d79e2ac-25ce-4deb-90ad-386b65efa137,SPREAD,2499.0,0.6441323719199119
8d79e2ac-25ce-4deb-90ad-386b65efa137,SPREAD,2749.0,0.6289712085063431
8d79e2ac-25ce-4deb-90ad-386b65efa137,SPREAD,2999.0,0.6156502781016224
8d79e2ac-25ce-4deb-90ad-386b65efa137,SPREAD,3249.0,0.6088847263015646
8d79e2ac-25ce-4deb-90ad-386b65efa137,SPREAD,3499.0,0.6040168213958694
8d79e2ac-25ce-4deb-90ad-386b65efa137,SPREAD,3749.0,0.6002782911200775
8d79e2ac-25ce-4deb-90ad-386b65efa137,SPREAD,3999.0,0.5988843394324529
8d79e2ac-25ce-4deb-90ad-386b65efa137,SPREAD,4249.0,0.5957052720662934
8d79e2ac-25ce-4deb-90ad-386b65efa137,SPREAD,4499.0,0.5951574664351048
8d79e2ac-25ce-4deb-90ad-386b65efa137,SPREAD,4749.0,0.5940284102690252
8d79e2ac-25ce-4deb-90ad-386b65efa137,SPREAD,4999.0,0.5919750540484386
8d79e2ac-25ce-4deb-90ad-386b65efa137,SPREAD,5249.0,0.5912191512278152
8d79e2ac-25ce-4deb-90ad-386b65efa137,SPREAD,5499.0,0.5909297601438956
8d79e2ac-25ce-4deb-90ad-386b65efa137,SPREAD,5749.0,0.5906565150601681
8d79e2ac-25ce-4deb-90ad-386b65efa137,SPREAD,5999.0,0.5904363714737314
8d79e2ac-25ce-4deb-90ad-386b65efa137,SPREAD,6249.0,0.590371891760608
8d79e2ac-25ce-4deb-90ad-386b65efa137,SPREAD,6499.0,0.5903029654009415
8d79e2ac-25ce-4deb-90ad-386b65efa137,SPREAD,6749.0,0.5902455550007929
8d79e2ac-25ce-4deb-90ad-386b65efa137,SPREAD,6999.0,0.5901914009893442
8d79e2ac-25ce-4deb-90ad-386b65efa137,SPREAD,7249.0,0.5901841304438319
8d79e2ac-25ce-4deb-90ad-386b65efa137,SPREAD,7499.0,0.5901272513556038
8d79e2ac-25ce-4deb-90ad-386b65efa137,SPREAD,7749.0,0.5901108457221447
8d79e2ac-25ce-4deb-90ad-386b65efa137,SPREAD,7999.0,0.590047310034612
8d79e2ac-25ce-4deb-90ad-386b65efa137,SPREAD,8249.0,0.5900002458037674
8d79e2ac-25ce-4deb-90ad-386b65efa137,SPREAD,8499.0,0.589958880903847
8d79e2ac-25ce-4deb-90ad-386b65efa137,SPREAD,8749.0,0.5899443791834299
8d79e2ac-25ce-4deb-90ad-386b65efa137,SPREAD,8999.0,0.58987610501561
8d79e2ac-25ce-4deb-90ad-386b65efa137,SPREAD,9249.0,0.5898759473068873
8d79e2ac-25ce-4deb-90ad-386b65efa137,SPREAD,9499.0,0.5898564237843874
8d79e2ac-25ce-4deb-90ad-386b65efa137,SPREAD,9749.0,0.5898377471162453
8d79e2ac-25ce-4deb-90ad-386b65efa137,SPREAD,9999.0,0.5898335828943058
8d79e2ac-25ce-4deb-90ad-386b65efa137,DISPERSION,1.0,0.0818257470320091
8d79e2ac-25ce-4deb-90ad-386b65efa137,DISPERSION,249.0,0.0771407402892206
8d79e2ac-25ce-4deb-90ad-386b65efa137,DISPERSION,499.0,0.0727201532142697
8d79e2ac-25ce-4deb-90ad-386b65efa137,DISPERSION,749.0,0.068816194593281
8d79e2ac-25ce-4deb-90ad-386b65efa137,DISPERSION,999.0,0.0654006674954999
8d79e2ac-25ce-4deb-90ad-386b65efa137,DISPERSION,1249.0,0.0625692865747554
8d79e2ac-25ce-4deb-90ad-386b65efa137,DISPERSION,1499.0,0.0603877614711136
8d79e2ac-25ce-4deb-90ad-386b65efa137,DISPERSION,1749.0,0.0590329858268261
8d79e2ac-25ce-4deb-90ad-386b65efa137,DISPERSION,1999.0,0.058104237629994
8d79e2ac-25ce-4deb-90ad-386b65efa137,DISPERSION,2249.0,0.0575234092024486
8d79e2ac-25ce-4deb-90ad-386b65efa137,DISPERSION,2499.0,0.0572722597523926
8d79e2ac-25ce-4deb-90ad-386b65efa137,DISPERSION,2749.0,0.0571573447390634
8d79e2ac-25ce-4deb-90ad-386b65efa137,DISPERSION,2999.0,0.0570653126935073
8d79e2ac-25ce-4deb-90ad-386b65efa137,DISPERSION,3249.0,0.0570275438808873
8d79e2ac-25ce-4deb-90ad-386b65efa137,DISPERSION,3499.0,0.0569966914044395
8d79e2ac-25ce-4deb-90ad-386b65efa137,DISPERSION,3749.0,0.0569451895887633
8d79e2ac-25ce-4deb-90ad-386b65efa137,DISPERSION,3999.0,0.0569090133121164
8d79e2ac-25ce-4deb-90ad-386b65efa137,DISPERSION,4249.0,0.0568891773798556
8d79e2ac-25ce-4deb-90ad-386b65efa137,DISPERSION,4499.0,0.0568836496930731
8d79e2ac-25ce-4deb-90ad-386b65efa137,DISPERSION,4749.0,0.0568807466098398
8d79e2ac-25ce-4deb-90ad-386b65efa137,DISPERSION,4999.0,0.0568781306567844
8d79e2ac-25ce-4deb-90ad-386b65efa137,DISPERSION,5249.0,0.0568775068629571
8d79e2ac-25ce-4deb-90ad-386b65efa137,DISPERSION,5499.0,0.0568773323806255
8d79e2ac-25ce-4deb-90ad-386b65efa137,DISPERSION,5749.0,0.0568765620173872
8d79e2ac-25ce-4deb-90ad-386b65efa137,DISPERSION,5999.0,0.0568764986888008
8d79e2ac-25ce-4deb-90ad-386b65efa137,DISPERSION,6249.0,0.0568764000143975
8d79e2ac-25ce-4deb-90ad-386b65efa137,DISPERSION,6499.0,0.0568753823456265
8d79e2ac-25ce-4deb-90ad-386b65efa137,DISPERSION,6749.0,0.0568752184161935
8d79e2ac-25ce-4deb-90ad-386b65efa137,DISPERSION,6999.0,0.0568748678605279
8d79e2ac-25ce-4deb-90ad-386b65efa137,DISPERSION,7249.0,0.0568748112271059
8d79e2ac-25ce-4deb-90ad-386b65efa137,DISPERSION,7499.0,0.0568746568871156
8d79e2ac-25ce-4deb-90ad-386b65efa137,DISPERSION,7749.0,0.0568746327151709
8d79e2ac-25ce-4deb-90ad-386b65efa137,DISPERSION,7999.0,0.0568746111052727
8d79e2ac-25ce-4deb-90ad-386b65efa137,DISPERSION,8249.0,0.0568745902362067
8d79e2ac-25ce-4deb-90ad-386b65efa137,DISPERSION,8499.0,0.0568745790284462
8d79e2ac-25ce-4deb-90ad-386b65efa137,DISPERSION,8749.0,0.0568741698562925
8d79e2ac-25ce-4deb-90ad-386b65efa137,DISPERSION,8999.0,0.0568740898191796
8d79e2ac-25ce-4deb-90ad-386b65efa137,DISPERSION,9249.0,0.0568740889659926
8d79e2ac-25ce-4deb-90ad-386b65efa137,DISPERSION,9499.0,0.0568739784013017
8d79e2ac-25ce-4deb-90ad-386b65efa137,DISPERSION,9749.0,0.0568739683584518
8d79e2ac-25ce-4deb-90ad-386b65efa137,DISPERSION,9999.0,0.0568739639317716
8d79e2ac-25ce-4deb-90ad-386b65efa137,COVERED_BINS,1.0,1.0
8d79e2ac-25ce-4deb-90ad-386b65efa137,COVERED_BINS,249.0,0.9925
8d79e2ac-25ce-4deb-90ad-386b65efa137,COVERED_BINS,499.0,0.995
8d79e2ac-25ce-4deb-90ad-386b65efa137,COVERED_BINS,749.0,0.98
8d79e2ac-25ce-4deb-90ad-386b65efa137,COVERED_BINS,999.0,0.945
8d79e2ac-25ce-4deb-90ad-386b65efa137,COVERED_BINS,1249.0,0.8600000000000001
8d79e2ac-25ce-4deb-90ad-386b65efa137,COVERED_BINS,1499.0,0.7425
8d79e2ac-25ce-4deb-90ad-386b65efa137,COVERED_BINS,1749.0,0.625
8d79e2ac-25ce-4deb-90ad-386b65efa137,COVERED_BINS,1999.0,0.5175000000000001
8d79e2ac-25ce-4deb-90ad-386b65efa137,COVERED_BINS,2249.0,0.4175
8d79e2ac-25ce-4deb-90ad-386b65efa137,COVERED_BINS,2499.0,0.37
8d79e2ac-25ce-4deb-90ad-386b65efa137,COVERED_BINS,2749.0,0.335
8d79e2ac-25ce-4deb-90ad-386b65efa137,COVERED_BINS,2999.0,0.315
8d79e2ac-25ce-4deb-90ad-386b65efa137,COVERED_BINS,3249.0,0.2975
8d79e2ac-25ce-4deb-90ad-386b65efa137,COVERED_BINS,3499.0,0.2875
8d79e2ac-25ce-4deb-90ad-386b65efa137,COVERED_BINS,3749.0,0.285
8d79e2ac-25ce-4deb-90ad-386b65efa137,COVERED_BINS,3999.0,0.285
8d79e2ac-25ce-4deb-90ad-386b65efa137,COVERED_BINS,4249.0,0.2799999999999999
8d79e2ac-25ce-4deb-90ad-386b65efa137,COVERED_BINS,4499.0,0.275
8d79e2ac-25ce-4deb-90ad-386b65efa137,COVERED_BINS,4749.0,0.2724999999999999
8d79e2ac-25ce-4deb-90ad-386b65efa137,COVERED_BINS,4999.0,0.27
8d79e2ac-25ce-4deb-90ad-386b65efa137,COVERED_BINS,5249.0,0.27
8d79e2ac-25ce-4deb-90ad-386b65efa137,COVERED_BINS,5499.0,0.27
8d79e2ac-25ce-4deb-90ad-386b65efa137,COVERED_BINS,5749.0,0.2674999999999999
8d79e2ac-25ce-4deb-90ad-386b65efa137,COVERED_BINS,5999.0,0.265
8d79e2ac-25ce-4deb-90ad-386b65efa137,COVERED_BINS,6249.0,0.265
8d79e2ac-25ce-4deb-90ad-386b65efa137,COVERED_BINS,6499.0,0.265
8d79e2ac-25ce-4deb-90ad-386b65efa137,COVERED_BINS,6749.0,0.265
8d79e2ac-25ce-4deb-90ad-386b65efa137,COVERED_BINS,6999.0,0.265
8d79e2ac-25ce-4deb-90ad-386b65efa137,COVERED_BINS,7249.0,0.265
8d79e2ac-25ce-4deb-90ad-386b65efa137,COVERED_BINS,7499.0,0.2625
8d79e2ac-25ce-4deb-90ad-386b65efa137,COVERED_BINS,7749.0,0.2625
8d79e2ac-25ce-4deb-90ad-386b65efa137,COVERED_BINS,7999.0,0.2625
8d79e2ac-25ce-4deb-90ad-386b65efa137,COVERED_BINS,8249.0,0.2625
8d79e2ac-25ce-4deb-90ad-386b65efa137,COVERED_BINS,8499.0,0.2625
8d79e2ac-25ce-4deb-90ad-386b65efa137,COVERED_BINS,8749.0,0.2625
8d79e2ac-25ce-4deb-90ad-386b65efa137,COVERED_BINS,8999.0,0.26
8d79e2ac-25ce-4deb-90ad-386b65efa137,COVERED_BINS,9249.0,0.26
8d79e2ac-25ce-4deb-90ad-386b65efa137,COVERED_BINS,9499.0,0.26
8d79e2ac-25ce-4deb-90ad-386b65efa137,COVERED_BINS,9749.0,0.26
8d79e2ac-25ce-4deb-90ad-386b65efa137,COVERED_BINS,9999.0,0.26
8d79e2ac-25ce-4deb-90ad-386b65efa137,BINS_VARIANCE,1.0,0.0267350702400952
8d79e2ac-25ce-4deb-90ad-386b65efa137,BINS_VARIANCE,249.0,0.0253833644592608
8d79e2ac-25ce-4deb-90ad-386b65efa137,BINS_VARIANCE,499.0,0.0241582301576226
8d79e2ac-25ce-4deb-90ad-386b65efa137,BINS_VARIANCE,749.0,0.0207802389931507
8d79e2ac-25ce-4deb-90ad-386b65efa137,BINS_VARIANCE,999.0,0.0171995247151955
8d79e2ac-25ce-4deb-90ad-386b65efa137,BINS_VARIANCE,1249.0,0.0143021762486786
8d79e2ac-25ce-4deb-90ad-386b65efa137,BINS_VARIANCE,1499.0,0.0103032105439026
8d79e2ac-25ce-4deb-90ad-386b65efa137,BINS_VARIANCE,1749.0,0.0075339832733385
8d79e2ac-25ce-4deb-90ad-386b65efa137,BINS_VARIANCE,1999.0,0.0051242985040035
8d79e2ac-25ce-4deb-90ad-386b65efa137,BINS_VARIANCE,2249.0,0.0032944562907344
8d79e2ac-25ce-4deb-90ad-386b65efa137,BINS_VARIANCE,2499.0,0.0021944746043155
8d79e2ac-25ce-4deb-90ad-386b65efa137,BINS_VARIANCE,2749.0,0.0015299601876826
8d79e2ac-25ce-4deb-90ad-386b65efa137,BINS_VARIANCE,2999.0,0.0013252808358558
8d79e2ac-25ce-4deb-90ad-386b65efa137,BINS_VARIANCE,3249.0,0.0010369000997178
8d79e2ac-25ce-4deb-90ad-386b65efa137,BINS_VARIANCE,3499.0,0.0007959968329872
8d79e2ac-25ce-4deb-90ad-386b65efa137,BINS_VARIANCE,3749.0,0.0007002919541905
8d79e2ac-25ce-4deb-90ad-386b65efa137,BINS_VARIANCE,3999.0,0.0005656909494146
8d79e2ac-25ce-4deb-90ad-386b65efa137,BINS_VARIANCE,4249.0,0.0005032061989998
8d79e2ac-25ce-4deb-90ad-386b65efa137,BINS_VARIANCE,4499.0,0.0004036752897415
8d79e2ac-25ce-4deb-90ad-386b65efa137,BINS_VARIANCE,4749.0,0.0003551712439739
8d79e2ac-25ce-4deb-90ad-386b65efa137,BINS_VARIANCE,4999.0,0.0003190639329191
8d79e2ac-25ce-4deb-90ad-386b65efa137,BINS_VARIANCE,5249.0,0.0002860106587938
8d79e2ac-25ce-4deb-90ad-386b65efa137,BINS_VARIANCE,5499.0,0.0002742465888014
8d79e2ac-25ce-4deb-90ad-386b65efa137,BINS_VARIANCE,5749.0,0.0002692692950263
8d79e2ac-25ce-4deb-90ad-386b65efa137,BINS_VARIANCE,5999.0,0.000257061267004
8d79e2ac-25ce-4deb-90ad-386b65efa137,BINS_VARIANCE,6249.0,0.0002439047460802
8d79e2ac-25ce-4deb-90ad-386b65efa137,BINS_VARIANCE,6499.0,0.0002139518720664
8d79e2ac-25ce-4deb-90ad-386b65efa137,BINS_VARIANCE,6749.0,0.0002308845246712
8d79e2ac-25ce-4deb-90ad-386b65efa137,BINS_VARIANCE,6999.0,0.0002153829320659
8d79e2ac-25ce-4deb-90ad-386b65efa137,BINS_VARIANCE,7249.0,0.0002060542638352
8d79e2ac-25ce-4deb-90ad-386b65efa137,BINS_VARIANCE,7499.0,0.0001906626035631
8d79e2ac-25ce-4deb-90ad-386b65efa137,BINS_VARIANCE,7749.0,0.0001811617016028
8d79e2ac-25ce-4deb-90ad-386b65efa137,BINS_VARIANCE,7999.0,0.0001788409809471
8d79e2ac-25ce-4deb-90ad-386b65efa137,BINS_VARIANCE,8249.0,0.0001739746674093
8d79e2ac-25ce-4deb-90ad-386b65efa137,BINS_VARIANCE,8499.0,0.0001707345309934
8d79e2ac-25ce-4deb-90ad-386b65efa137,BINS_VARIANCE,8749.0,0.0001456182709915
8d79e2ac-25ce-4deb-90ad-386b65efa137,BINS_VARIANCE,8999.0,0.0001440107603407
8d79e2ac-25ce-4deb-90ad-386b65efa137,BINS_VARIANCE,9249.0,0.0001437327302034
8d79e2ac-25ce-4deb-90ad-386b65efa137,BINS_VARIANCE,9499.0,0.0001335736197951
8d79e2ac-25ce-4deb-90ad-386b65efa137,BINS_VARIANCE,9749.0,0.000129953047041
8d79e2ac-25ce-4deb-90ad-386b65efa137,BINS_VARIANCE,9999.0,0.0001289369183273
9e879d87-ead6-44bb-a71c-04f6fc110162,SPREAD,1.0,0.9847920511356528
9e879d87-ead6-44bb-a71c-04f6fc110162,SPREAD,249.0,0.9621017457639472
9e879d87-ead6-44bb-a71c-04f6fc110162,SPREAD,499.0,0.9302084728677552
9e879d87-ead6-44bb-a71c-04f6fc110162,SPREAD,749.0,0.8839568120665415
9e879d87-ead6-44bb-a71c-04f6fc110162,SPREAD,999.0,0.832148985786293
9e879d87-ead6-44bb-a71c-04f6fc110162,SPREAD,1249.0,0.7746098641996028
9e879d87-ead6-44bb-a71c-04f6fc110162,SPREAD,1499.0,0.730265831315182
9e879d87-ead6-44bb-a71c-04f6fc110162,SPREAD,1749.0,0.6964076766414925
9e879d87-ead6-44bb-a71c-04f6fc110162,SPREAD,1999.0,0.66936224853615
9e879d87-ead6-44bb-a71c-04f6fc110162,SPREAD,2249.0,0.6488712494124542
9e879d87-ead6-44bb-a71c-04f6fc110162,SPREAD,2499.0,0.6384510341408405
9e879d87-ead6-44bb-a71c-04f6fc110162,SPREAD,2749.0,0.6284698501067683
9e879d87-ead6-44bb-a71c-04f6fc110162,SPREAD,2999.0,0.6221820740429373
9e879d87-ead6-44bb-a71c-04f6fc110162,SPREAD,3249.0,0.6156990924908703
9e879d87-ead6-44bb-a71c-04f6fc110162,SPREAD,3499.0,0.6127899488021822
9e879d87-ead6-44bb-a71c-04f6fc110162,SPREAD,3749.0,0.6100108518198935
9e879d87-ead6-44bb-a71c-04f6fc110162,SPREAD,3999.0,0.6072897826823296
9e879d87-ead6-44bb-a71c-04f6fc110162,SPREAD,4249.0,0.6058819940054248
9e879d87-ead6-44bb-a71c-04f6fc110162,SPREAD,4499.0,0.6052303376460877
9e879d87-ead6-44bb-a71c-04f6fc110162,SPREAD,4749.0,0.6048708444180722
9e879d87-ead6-44bb-a71c-04f6fc110162,SPREAD,4999.0,0.6037885384089104
9e879d87-ead6-44bb-a71c-04f6fc110162,SPREAD,5249.0,0.6033094805046385
9e879d87-ead6-44bb-a71c-04f6fc110162,SPREAD,5499.0,0.6032163192873667
9e879d87-ead6-44bb-a71c-04f6fc110162,SPREAD,5749.0,0.6029602063323558
9e879d87-ead6-44bb-a71c-04f6fc110162,SPREAD,5999.0,0.602790666940377
9e879d87-ead6-44bb-a71c-04f6fc110162,SPREAD,6249.0,0.6027216464669394
9e879d87-ead6-44bb-a71c-04f6fc110162,SPREAD,6499.0,0.6026093078819952
9e879d87-ead6-44bb-a71c-04f6fc110162,SPREAD,6749.0,0.6025613251876288
9e879d87-ead6-44bb-a71c-04f6fc110162,SPREAD,6999.0,0.602546659190905
9e879d87-ead6-44bb-a71c-04f6fc110162,SPREAD,7249.0,0.6025329579318329
9e879d87-ead6-44bb-a71c-04f6fc110162,SPREAD,7499.0,0.6024162616048883
9e879d87-ead6-44bb-a71c-04f6fc110162,SPREAD,7749.0,0.602370237759342
9e879d87-ead6-44bb-a71c-04f6fc110162,SPREAD,7999.0,0.6023442748409359
9e879d87-ead6-44bb-a71c-04f6fc110162,SPREAD,8249.0,0.6022228350244777
9e879d87-ead6-44bb-a71c-04f6fc110162,SPREAD,8499.0,0.6022113729290228
9e879d87-ead6-44bb-a71c-04f6fc110162,SPREAD,8749.0,0.6019542670055728
9e879d87-ead6-44bb-a71c-04f6fc110162,SPREAD,8999.0,0.6019480729339332
9e879d87-ead6-44bb-a71c-04f6fc110162,SPREAD,9249.0,0.6019440496980245
9e879d87-ead6-44bb-a71c-04f6fc110162,SPREAD,9499.0,0.6019011524334681
9e879d87-ead6-44bb-a71c-04f6fc110162,SPREAD,9749.0,0.6018995524750974
9e879d87-ead6-44bb-a71c-04f6fc110162,SPREAD,9999.0,0.6018898149055877
9e879d87-ead6-44bb-a71c-04f6fc110162,DISPERSION,1.0,0.0828495167339933
9e879d87-ead6-44bb-a71c-04f6fc110162,DISPERSION,249.0,0.0780826779737719
9e879d87-ead6-44bb-a71c-04f6fc110162,DISPERSION,499.0,0.0734423859836971
9e879d87-ead6-44bb-a71c-04f6fc110162,DISPERSION,749.0,0.0693252499025109
9e879d87-ead6-44bb-a71c-04f6fc110162,DISPERSION,999.0,0.0658403261070906
9e879d87-ead6-44bb-a71c-04f6fc110162,DISPERSION,1249.0,0.0631403964115537
9e879d87-ead6-44bb-a71c-04f6fc110162,DISPERSION,1499.0,0.0613437171378327
9e879d87-ead6-44bb-a71c-04f6fc110162,DISPERSION,1749.0,0.0602641219653491
9e879d87-ead6-44bb-a71c-04f6fc110162,DISPERSION,1999.0,0.0596555439185318
9e879d87-ead6-44bb-a71c-04f6fc110162,DISPERSION,2249.0,0.0592827528461653
9e879d87-ead6-44bb-a71c-04f6fc110162,DISPERSION,2499.0,0.0590468585715066
9e879d87-ead6-44bb-a71c-04f6fc110162,DISPERSION,2749.0,0.0588622393888041
9e879d87-ead6-44bb-a71c-04f6fc110162,DISPERSION,2999.0,0.0586913638852387
9e879d87-ead6-44bb-a71c-04f6fc110162,DISPERSION,3249.0,0.0586247901661079
9e879d87-ead6-44bb-a71c-04f6fc110162,DISPERSION,3499.0,0.0586039047870938
9e879d87-ead6-44bb-a71c-04f6fc110162,DISPERSION,3749.0,0.0585982871696344
9e879d87-ead6-44bb-a71c-04f6fc110162,DISPERSION,3999.0,0.0585954486187973
9e879d87-ead6-44bb-a71c-04f6fc110162,DISPERSION,4249.0,0.0585942998563119
9e879d87-ead6-44bb-a71c-04f6fc110162,DISPERSION,4499.0,0.0585938989446762
9e879d87-ead6-44bb-a71c-04f6fc110162,DISPERSION,4749.0,0.058593761435178
9e879d87-ead6-44bb-a71c-04f6fc110162,DISPERSION,4999.0,0.0585932540694666
9e879d87-ead6-44bb-a71c-04f6fc110162,DISPERSION,5249.0,0.0585930973237078
9e879d87-ead6-44bb-a71c-04f6fc110162,DISPERSION,5499.0,0.0585930152296989
9e879d87-ead6-44bb-a71c-04f6fc110162,DISPERSION,5749.0,0.0585929005246378
9e879d87-ead6-44bb-a71c-04f6fc110162,DISPERSION,5999.0,0.0585928700923876
9e879d87-ead6-44bb-a71c-04f6fc110162,DISPERSION,6249.0,0.0585928587978453
9e879d87-ead6-44bb-a71c-04f6fc110162,DISPERSION,6499.0,0.0585928468106329
9e879d87-ead6-44bb-a71c-04f6fc110162,DISPERSION,6749.0,0.0585928402222841
9e879d87-ead6-44bb-a71c-04f6fc110162,DISPERSION,6999.0,0.0585928389139175
9e879d87-ead6-44bb-a71c-04f6fc110162,DISPERSION,7249.0,0.0585928363995259
9e879d87-ead6-44bb-a71c-04f6fc110162,DISPERSION,7499.0,0.0585928215531278
9e879d87-ead6-44bb-a71c-04f6fc110162,DISPERSION,7749.0,0.0585928106786537
9e879d87-ead6-44bb-a71c-04f6fc110162,DISPERSION,7999.0,0.0585928087406184
9e879d87-ead6-44bb-a71c-04f6fc110162,DISPERSION,8249.0,0.0585927671299899
9e879d87-ead6-44bb-a71c-04f6fc110162,DISPERSION,8499.0,0.0585927652784884
9e879d87-ead6-44bb-a71c-04f6fc110162,DISPERSION,8749.0,0.0585926634785981
9e879d87-ead6-44bb-a71c-04f6fc110162,DISPERSION,8999.0,0.0585926051557286
9e879d87-ead6-44bb-a71c-04f6fc110162,DISPERSION,9249.0,0.0585926049267011
9e879d87-ead6-44bb-a71c-04f6fc110162,DISPERSION,9499.0,0.0585926022130978
9e879d87-ead6-44bb-a71c-04f6fc110162,DISPERSION,9749.0,0.0585926017280081
9e879d87-ead6-44bb-a71c-04f6fc110162,DISPERSION,9999.0,0.0585926013117899
9e879d87-ead6-44bb-a71c-04f6fc110162,COVERED_BINS,1.0,1.0
9e879d87-ead6-44bb-a71c-04f6fc110162,COVERED_BINS,249.0,1.0
9e879d87-ead6-44bb-a71c-04f6fc110162,COVERED_BINS,499.0,0.995
9e879d87-ead6-44bb-a71c-04f6fc110162,COVERED_BINS,749.0,0.9575
9e879d87-ead6-44bb-a71c-04f6fc110162,COVERED_BINS,999.0,0.8975
9e879d87-ead6-44bb-a71c-04f6fc110162,COVERED_BINS,1249.0,0.7925
9e879d87-ead6-44bb-a71c-04f6fc110162,COVERED_BINS,1499.0,0.6599999999999999
9e879d87-ead6-44bb-a71c-04f6fc110162,COVERED_BINS,1749.0,0.54
9e879d87-ead6-44bb-a71c-04f6fc110162,COVERED_BINS,1999.0,0.4549999999999999
9e879d87-ead6-44bb-a71c-04f6fc110162,COVERED_BINS,2249.0,0.38
9e879d87-ead6-44bb-a71c-04f6fc110162,COVERED_BINS,2499.0,0.3375
9e879d87-ead6-44bb-a71c-04f6fc110162,COVERED_BINS,2749.0,0.32
9e879d87-ead6-44bb-a71c-04f6fc110162,COVERED_BINS,2999.0,0.3025
9e879d87-ead6-44bb-a71c-04f6fc110162,COVERED_BINS,3249.0,0.2875
9e879d87-ead6-44bb-a71c-04f6fc110162,COVERED_BINS,3499.0,0.28
9e879d87-ead6-44bb-a71c-04f6fc110162,COVERED_BINS,3749.0,0.275
9e879d87-ead6-44bb-a71c-04f6fc110162,COVERED_BINS,3999.0,0.27
9e879d87-ead6-44bb-a71c-04f6fc110162,COVERED_BINS,4249.0,0.27
9e879d87-ead6-44bb-a71c-04f6fc110162,COVERED_BINS,4499.0,0.27
9e879d87-ead6-44bb-a71c-04f6fc110162,COVERED_BINS,4749.0,0.27
9e879d87-ead6-44bb-a71c-04f6fc110162,COVERED_BINS,4999.0,0.27
9e879d87-ead6-44bb-a71c-04f6fc110162,COVERED_BINS,5249.0,0.27
9e879d87-ead6-44bb-a71c-04f6fc110162,COVERED_BINS,5499.0,0.2674999999999999
9e879d87-ead6-44bb-a71c-04f6fc110162,COVERED_BINS,5749.0,0.2674999999999999
9e879d87-ead6-44bb-a71c-04f6fc110162,COVERED_BINS,5999.0,0.2674999999999999
9e879d87-ead6-44bb-a71c-04f6fc110162,COVERED_BINS,6249.0,0.2674999999999999
9e879d87-ead6-44bb-a71c-04f6fc110162,COVERED_BINS,6499.0,0.2674999999999999
9e879d87-ead6-44bb-a71c-04f6fc110162,COVERED_BINS,6749.0,0.2674999999999999
9e879d87-ead6-44bb-a71c-04f6fc110162,COVERED_BINS,6999.0,0.2674999999999999
9e879d87-ead6-44bb-a71c-04f6fc110162,COVERED_BINS,7249.0,0.2674999999999999
9e879d87-ead6-44bb-a71c-04f6fc110162,COVERED_BINS,7499.0,0.2674999999999999
9e879d87-ead6-44bb-a71c-04f6fc110162,COVERED_BINS,7749.0,0.2674999999999999
9e879d87-ead6-44bb-a71c-04f6fc110162,COVERED_BINS,7999.0,0.2674999999999999
9e879d87-ead6-44bb-a71c-04f6fc110162,COVERED_BINS,8249.0,0.2674999999999999
9e879d87-ead6-44bb-a71c-04f6fc110162,COVERED_BINS,8499.0,0.2674999999999999
9e879d87-ead6-44bb-a71c-04f6fc110162,COVERED_BINS,8749.0,0.2674999999999999
9e879d87-ead6-44bb-a71c-04f6fc110162,COVERED_BINS,8999.0,0.265
9e879d87-ead6-44bb-a71c-04f6fc110162,COVERED_BINS,9249.0,0.265
9e879d87-ead6-44bb-a71c-04f6fc110162,COVERED_BINS,9499.0,0.265
9e879d87-ead6-44bb-a71c-04f6fc110162,COVERED_BINS,9749.0,0.265
9e879d87-ead6-44bb-a71c-04f6fc110162,COVERED_BINS,9999.0,0.265
9e879d87-ead6-44bb-a71c-04f6fc110162,BINS_VARIANCE,1.0,0.0270695613141305
9e879d87-ead6-44bb-a71c-04f6fc110162,BINS_VARIANCE,249.0,0.0258211978064203
9e879d87-ead6-44bb-a71c-04f6fc110162,BINS_VARIANCE,499.0,0.0237256201613527
9e879d87-ead6-44bb-a71c-04f6fc110162,BINS_VARIANCE,749.0,0.0205281914605812
9e879d87-ead6-44bb-a71c-04f6fc110162,BINS_VARIANCE,999.0,0.0164929947121432
9e879d87-ead6-44bb-a71c-04f6fc110162,BINS_VARIANCE,1249.0,0.0124868944337367
9e879d87-ead6-44bb-a71c-04f6fc110162,BINS_VARIANCE,1499.0,0.008431751830068
9e879d87-ead6-44bb-a71c-04f6fc110162,BINS_VARIANCE,1749.0,0.0060299354119379
9e879d87-ead6-44bb-a71c-04f6fc110162,BINS_VARIANCE,1999.0,0.0040522065042034
9e879d87-ead6-44bb-a71c-04f6fc110162,BINS_VARIANCE,2249.0,0.0028274330133416
9e879d87-ead6-44bb-a71c-04f6fc110162,BINS_VARIANCE,2499.0,0.0021447305869163
9e879d87-ead6-44bb-a71c-04f6fc110162,BINS_VARIANCE,2749.0,0.0016143460636355
9e879d87-ead6-44bb-a71c-04f6fc110162,BINS_VARIANCE,2999.0,0.0012420237852215
9e879d87-ead6-44bb-a71c-04f6fc110162,BINS_VARIANCE,3249.0,0.0008912210500071
9e879d87-ead6-44bb-a71c-04f6fc110162,BINS_VARIANCE,3499.0,0.0007072022547803
9e879d87-ead6-44bb-a71c-04f6fc110162,BINS_VARIANCE,3749.0,0.0005832373939102
9e879d87-ead6-44bb-a71c-04f6fc110162,BINS_VARIANCE,3999.0,0.0004695031054737
9e879d87-ead6-44bb-a71c-04f6fc110162,BINS_VARIANCE,4249.0,0.0003820091751206
9e879d87-ead6-44bb-a71c-04f6fc110162,BINS_VARIANCE,4499.0,0.0003337734443893
9e879d87-ead6-44bb-a71c-04f6fc110162,BINS_VARIANCE,4749.0,0.0003142996977037
9e879d87-ead6-44bb-a71c-04f6fc110162,BINS_VARIANCE,4999.0,0.0002417569370668
9e879d87-ead6-44bb-a71c-04f6fc110162,BINS_VARIANCE,5249.0,0.0002035038641555
9e879d87-ead6-44bb-a71c-04f6fc110162,BINS_VARIANCE,5499.0,0.0002094990557962
9e879d87-ead6-44bb-a71c-04f6fc110162,BINS_VARIANCE,5749.0,0.0001951716013832
9e879d87-ead6-44bb-a71c-04f6fc110162,BINS_VARIANCE,5999.0,0.0001885313358996
9e879d87-ead6-44bb-a71c-04f6fc110162,BINS_VARIANCE,6249.0,0.0001846808977599
9e879d87-ead6-44bb-a71c-04f6fc110162,BINS_VARIANCE,6499.0,0.0001816434445902
9e879d87-ead6-44bb-a71c-04f6fc110162,BINS_VARIANCE,6749.0,0.0001774899128524
9e879d87-ead6-44bb-a71c-04f6fc110162,BINS_VARIANCE,6999.0,0.0001765230499399
9e879d87-ead6-44bb-a71c-04f6fc110162,BINS_VARIANCE,7249.0,0.0001752730396116
9e879d87-ead6-44bb-a71c-04f6fc110162,BINS_VARIANCE,7499.0,0.0001696881596539
9e879d87-ead6-44bb-a71c-04f6fc110162,BINS_VARIANCE,7749.0,0.0001665691730088
9e879d87-ead6-44bb-a71c-04f6fc110162,BINS_VARIANCE,7999.0,0.0001655229598344
9e879d87-ead6-44bb-a71c-04f6fc110162,BINS_VARIANCE,8249.0,0.000158266872354
9e879d87-ead6-44bb-a71c-04f6fc110162,BINS_VARIANCE,8499.0,0.0001567630143984
9e879d87-ead6-44bb-a71c-04f6fc110162,BINS_VARIANCE,8749.0,0.0001426773856288
9e879d87-ead6-44bb-a71c-04f6fc110162,BINS_VARIANCE,8999.0,0.0001281522591683
9e879d87-ead6-44bb-a71c-04f6fc110162,BINS_VARIANCE,9249.0,0.000127921374462
9e879d87-ead6-44bb-a71c-04f6fc110162,BINS_VARIANCE,9499.0,0.0001270394477776
9e879d87-ead6-44bb-a71c-04f6fc110162,BINS_VARIANCE,9749.0,0.0001266947082759
9e879d87-ead6-44bb-a71c-04f6fc110162,BINS_VARIANCE,9999.0,0.0001262745256294
24907ace-a0df-4808-8147-d8c3074e8a24,SPREAD,1.0,0.977835625606708
24907ace-a0df-4808-8147-d8c3074e8a24,SPREAD,249.0,0.9531340466166316
24907ace-a0df-4808-8147-d8c3074e8a24,SPREAD,499.0,0.9164123584718044
24907ace-a0df-4808-8147-d8c3074e8a24,SPREAD,749.0,0.8649660512612268
24907ace-a0df-4808-8147-d8c3074e8a24,SPREAD,999.0,0.8130328234775892
24907ace-a0df-4808-8147-d8c3074e8a24,SPREAD,1249.0,0.761458270772461
24907ace-a0df-4808-8147-d8c3074e8a24,SPREAD,1499.0,0.7126239368709744
24907ace-a0df-4808-8147-d8c3074e8a24,SPREAD,1749.0,0.6781196344176459
24907ace-a0df-4808-8147-d8c3074e8a24,SPREAD,1999.0,0.6497318173243583
24907ace-a0df-4808-8147-d8c3074e8a24,SPREAD,2249.0,0.6314981293935796
24907ace-a0df-4808-8147-d8c3074e8a24,SPREAD,2499.0,0.6209479623856107
24907ace-a0df-4808-8147-d8c3074e8a24,SPREAD,2749.0,0.6114984878391947
24907ace-a0df-4808-8147-d8c3074e8a24,SPREAD,2999.0,0.6029107308741641
24907ace-a0df-4808-8147-d8c3074e8a24,SPREAD,3249.0,0.5995367759123139
24907ace-a0df-4808-8147-d8c3074e8a24,SPREAD,3499.0,0.597061363310586
24907ace-a0df-4808-8147-d8c3074e8a24,SPREAD,3749.0,0.5954160060702057
24907ace-a0df-4808-8147-d8c3074e8a24,SPREAD,3999.0,0.5947737607651327
24907ace-a0df-4808-8147-d8c3074e8a24,SPREAD,4249.0,0.593088219071651
24907ace-a0df-4808-8147-d8c3074e8a24,SPREAD,4499.0,0.5916404220416981
24907ace-a0df-4808-8147-d8c3074e8a24,SPREAD,4749.0,0.5911769230269129
24907ace-a0df-4808-8147-d8c3074e8a24,SPREAD,4999.0,0.5904931929027102
24907ace-a0df-4808-8147-d8c3074e8a24,SPREAD,5249.0,0.589789307361287
24907ace-a0df-4808-8147-d8c3074e8a24,SPREAD,5499.0,0.5895151938200016
24907ace-a0df-4808-8147-d8c3074e8a24,SPREAD,5749.0,0.5894328606075081
24907ace-a0df-4808-8147-d8c3074e8a24,SPREAD,5999.0,0.5888874538985969
24907ace-a0df-4808-8147-d8c3074e8a24,SPREAD,6249.0,0.5888601204257403
24907ace-a0df-4808-8147-d8c3074e8a24,SPREAD,6499.0,0.5887795938694879
24907ace-a0df-4808-8147-d8c3074e8a24,SPREAD,6749.0,0.588670135724961
24907ace-a0df-4808-8147-d8c3074e8a24,SPREAD,6999.0,0.5879609680519527
24907ace-a0df-4808-8147-d8c3074e8a24,SPREAD,7249.0,0.5879523800695428
24907ace-a0df-4808-8147-d8c3074e8a24,SPREAD,7499.0,0.5879403511914758
24907ace-a0df-4808-8147-d8c3074e8a24,SPREAD,7749.0,0.5879307115527822
24907ace-a0df-4808-8147-d8c3074e8a24,SPREAD,7999.0,0.587920536938773
24907ace-a0df-4808-8147-d8c3074e8a24,SPREAD,8249.0,0.5879164380705273
24907ace-a0df-4808-8147-d8c3074e8a24,SPREAD,8499.0,0.587903386990112
24907ace-a0df-4808-8147-d8c3074e8a24,SPREAD,8749.0,0.5879019629911656
24907ace-a0df-4808-8147-d8c3074e8a24,SPREAD,8999.0,0.5876241974647713
24907ace-a0df-4808-8147-d8c3074e8a24,SPREAD,9249.0,0.5876235378206173
24907ace-a0df-4808-8147-d8c3074e8a24,SPREAD,9499.0,0.5876226600424828
24907ace-a0df-4808-8147-d8c3074e8a24,SPREAD,9749.0,0.5874880716769253
24907ace-a0df-4808-8147-d8c3074e8a24,SPREAD,9999.0,0.5874870221814616
24907ace-a0df-4808-8147-d8c3074e8a24,DISPERSION,1.0,0.0836673250886681
24907ace-a0df-4808-8147-d8c3074e8a24,DISPERSION,249.0,0.0786206095254989
24907ace-a0df-4808-8147-d8c3074e8a24,DISPERSION,499.0,0.0738648861831793
24907ace-a0df-4808-8147-d8c3074e8a24,DISPERSION,749.0,0.0696468424425257
24907ace-a0df-4808-8147-d8c3074e8a24,DISPERSION,999.0,0.0663676692285201
24907ace-a0df-4808-8147-d8c3074e8a24,DISPERSION,1249.0,0.064173841515355
24907ace-a0df-4808-8147-d8c3074e8a24,DISPERSION,1499.0,0.0627196755995256
24907ace-a0df-4808-8147-d8c3074e8a24,DISPERSION,1749.0,0.0617871472490988
24907ace-a0df-4808-8147-d8c3074e8a24,DISPERSION,1999.0,0.0611468693563555
24907ace-a0df-4808-8147-d8c3074e8a24,DISPERSION,2249.0,0.0608440976643966
24907ace-a0df-4808-8147-d8c3074e8a24,DISPERSION,2499.0,0.0606716280522322
24907ace-a0df-4808-8147-d8c3074e8a24,DISPERSION,2749.0,0.060614153095617
24907ace-a0df-4808-8147-d8c3074e8a24,DISPERSION,2999.0,0.0605600474444314
24907ace-a0df-4808-8147-d8c3074e8a24,DISPERSION,3249.0,0.0605503179446187
24907ace-a0df-4808-8147-d8c3074e8a24,DISPERSION,3499.0,0.0605287839445649
24907ace-a0df-4808-8147-d8c3074e8a24,DISPERSION,3749.0,0.0604741493058201
24907ace-a0df-4808-8147-d8c3074e8a24,DISPERSION,3999.0,0.0604130884642952
24907ace-a0df-4808-8147-d8c3074e8a24,DISPERSION,4249.0,0.0603508179710579
24907ace-a0df-4808-8147-d8c3074e8a24,DISPERSION,4499.0,0.0603366735761329
24907ace-a0df-4808-8147-d8c3074e8a24,DISPERSION,4749.0,0.0603325878706038
24907ace-a0df-4808-8147-d8c3074e8a24,DISPERSION,4999.0,0.0603310750942339
24907ace-a0df-4808-8147-d8c3074e8a24,DISPERSION,5249.0,0.0603304427378055
24907ace-a0df-4808-8147-d8c3074e8a24,DISPERSION,5499.0,0.0603302181565688
24907ace-a0df-4808-8147-d8c3074e8a24,DISPERSION,5749.0,0.0603301794220718
24907ace-a0df-4808-8147-d8c3074e8a24,DISPERSION,5999.0,0.0603293398852002
24907ace-a0df-4808-8147-d8c3074e8a24,DISPERSION,6249.0,0.0603293356954407
24907ace-a0df-4808-8147-d8c3074e8a24,DISPERSION,6499.0,0.0603292011169467
24907ace-a0df-4808-8147-d8c3074e8a24,DISPERSION,6749.0,0.0603291676105644
24907ace-a0df-4808-8147-d8c3074e8a24,DISPERSION,6999.0,0.0603284809026179
24907ace-a0df-4808-8147-d8c3074e8a24,DISPERSION,7249.0,0.0603283578428579
24907ace-a0df-4808-8147-d8c3074e8a24,DISPERSION,7499.0,0.0603283499463508
24907ace-a0df-4808-8147-d8c3074e8a24,DISPERSION,7749.0,0.0603282620829757
24907ace-a0df-4808-8147-d8c3074e8a24,DISPERSION,7999.0,0.0603282619041944
24907ace-a0df-4808-8147-d8c3074e8a24,DISPERSION,8249.0,0.0603282113103061
24907ace-a0df-4808-8147-d8c3074e8a24,DISPERSION,8499.0,0.0603281672024673
24907ace-a0df-4808-8147-d8c3074e8a24,DISPERSION,8749.0,0.0603281457910924
24907ace-a0df-4808-8147-d8c3074e8a24,DISPERSION,8999.0,0.0603280625358157
24907ace-a0df-4808-8147-d8c3074e8a24,DISPERSION,9249.0,0.0603280535554912
24907ace-a0df-4808-8147-d8c3074e8a24,DISPERSION,9499.0,0.0603280500177089
24907ace-a0df-4808-8147-d8c3074e8a24,DISPERSION,9749.0,0.0603279933605797
24907ace-a0df-4808-8147-d8c3074e8a24,DISPERSION,9999.0,0.06032798423211
24907ace-a0df-4808-8147-d8c3074e8a24,COVERED_BINS,1.0,1.0
24907ace-a0df-4808-8147-d8c3074e8a24,COVERED_BINS,249.0,1.0
24907ace-a0df-4808-8147-d8c3074e8a24,COVERED_BINS,499.0,0.9925
24907ace-a0df-4808-8147-d8c3074e8a24,COVERED_BINS,749.0,0.95
24907ace-a0df-4808-8147-d8c3074e8a24,COVERED_BINS,999.0,0.8625
24907ace-a0df-4808-8147-d8c3074e8a24,COVERED_BINS,1249.0,0.74
24907ace-a0df-4808-8147-d8c3074e8a24,COVERED_BINS,1499.0,0.615
24907ace-a0df-4808-8147-d8c3074e8a24,COVERED_BINS,1749.0,0.48
24907ace-a0df-4808-8147-d8c3074e8a24,COVERED_BINS,1999.0,0.4
24907ace-a0df-4808-8147-d8c3074e8a24,COVERED_BINS,2249.0,0.3424999999999999
24907ace-a0df-4808-8147-d8c3074e8a24,COVERED_BINS,2499.0,0.3125
24907ace-a0df-4808-8147-d8c3074e8a24,COVERED_BINS,2749.0,0.29
24907ace-a0df-4808-8147-d8c3074e8a24,COVERED_BINS,2999.0,0.285
24907ace-a0df-4808-8147-d8c3074e8a24,COVERED_BINS,3249.0,0.2799999999999999
24907ace-a0df-4808-8147-d8c3074e8a24,COVERED_BINS,3499.0,0.275
24907ace-a0df-4808-8147-d8c3074e8a24,COVERED_BINS,3749.0,0.2774999999999999
24907ace-a0df-4808-8147-d8c3074e8a24,COVERED_BINS,3999.0,0.2774999999999999
24907ace-a0df-4808-8147-d8c3074e8a24,COVERED_BINS,4249.0,0.2725
24907ace-a0df-4808-8147-d8c3074e8a24,COVERED_BINS,4499.0,0.27
24907ace-a0df-4808-8147-d8c3074e8a24,COVERED_BINS,4749.0,0.2674999999999999
24907ace-a0df-4808-8147-d8c3074e8a24,COVERED_BINS,4999.0,0.265
24907ace-a0df-4808-8147-d8c3074e8a24,COVERED_BINS,5249.0,0.265
24907ace-a0df-4808-8147-d8c3074e8a24,COVERED_BINS,5499.0,0.265
24907ace-a0df-4808-8147-d8c3074e8a24,COVERED_BINS,5749.0,0.265
24907ace-a0df-4808-8147-d8c3074e8a24,COVERED_BINS,5999.0,0.265
24907ace-a0df-4808-8147-d8c3074e8a24,COVERED_BINS,6249.0,0.265
24907ace-a0df-4808-8147-d8c3074e8a24,COVERED_BINS,6499.0,0.265
24907ace-a0df-4808-8147-d8c3074e8a24,COVERED_BINS,6749.0,0.265
24907ace-a0df-4808-8147-d8c3074e8a24,COVERED_BINS,6999.0,0.2625
24907ace-a0df-4808-8147-d8c3074e8a24,COVERED_BINS,7249.0,0.2625
24907ace-a0df-4808-8147-d8c3074e8a24,COVERED_BINS,7499.0,0.2625
24907ace-a0df-4808-8147-d8c3074e8a24,COVERED_BINS,7749.0,0.2625
24907ace-a0df-4808-8147-d8c3074e8a24,COVERED_BINS,7999.0,0.2625
24907ace-a0df-4808-8147-d8c3074e8a24,COVERED_BINS,8249.0,0.2625
24907ace-a0df-4808-8147-d8c3074e8a24,COVERED_BINS,8499.0,0.2625
24907ace-a0df-4808-8147-d8c3074e8a24,COVERED_BINS,8749.0,0.2625
24907ace-a0df-4808-8147-d8c3074e8a24,COVERED_BINS,8999.0,0.2625
24907ace-a0df-4808-8147-d8c3074e8a24,COVERED_BINS,9249.0,0.2625
24907ace-a0df-4808-8147-d8c3074e8a24,COVERED_BINS,9499.0,0.2625
24907ace-a0df-4808-8147-d8c3074e8a24,COVERED_BINS,9749.0,0.2625
24907ace-a0df-4808-8147-d8c3074e8a24,COVERED_BINS,9999.0,0.2625
24907ace-a0df-4808-8147-d8c3074e8a24,BINS_VARIANCE,1.0,0.0266196497756246
24907ace-a0df-4808-8147-d8c3074e8a24,BINS_VARIANCE,249.0,0.0250713659965072
24907ace-a0df-4808-8147-d8c3074e8a24,BINS_VARIANCE,499.0,0.0229441271860139
24907ace-a0df-4808-8147-d8c3074e8a24,BINS_VARIANCE,749.0,0.0193501011345571
24907ace-a0df-4808-8147-d8c3074e8a24,BINS_VARIANCE,999.0,0.0144211460140376
24907ace-a0df-4808-8147-d8c3074e8a24,BINS_VARIANCE,1249.0,0.0102910388380154
24907ace-a0df-4808-8147-d8c3074e8a24,BINS_VARIANCE,1499.0,0.0074225416952183
24907ace-a0df-4808-8147-d8c3074e8a24,BINS_VARIANCE,1749.0,0.0053471486188594
24907ace-a0df-4808-8147-d8c3074e8a24,BINS_VARIANCE,1999.0,0.003418936487725
24907ace-a0df-4808-8147-d8c3074e8a24,BINS_VARIANCE,2249.0,0.0022807952861657
24907ace-a0df-4808-8147-d8c3074e8a24,BINS_VARIANCE,2499.0,0.0014506424665024
24907ace-a0df-4808-8147-d8c3074e8a24,BINS_VARIANCE,2749.0,0.0010946977799495
24907ace-a0df-4808-8147-d8c3074e8a24,BINS_VARIANCE,2999.0,0.0007960933536731
24907ace-a0df-4808-8147-d8c3074e8a24,BINS_VARIANCE,3249.0,0.0005658885154365
24907ace-a0df-4808-8147-d8c3074e8a24,BINS_VARIANCE,3499.0,0.0005696786216764
24907ace-a0df-4808-8147-d8c3074e8a24,BINS_VARIANCE,3749.0,0.000532018552687
24907ace-a0df-4808-8147-d8c3074e8a24,BINS_VARIANCE,3999.0,0.0004731820133518
24907ace-a0df-4808-8147-d8c3074e8a24,BINS_VARIANCE,4249.0,0.0003921659212277
24907ace-a0df-4808-8147-d8c3074e8a24,BINS_VARIANCE,4499.0,0.0003174997782615
24907ace-a0df-4808-8147-d8c3074e8a24,BINS_VARIANCE,4749.0,0.0002616034616765
24907ace-a0df-4808-8147-d8c3074e8a24,BINS_VARIANCE,4999.0,0.000221474844667
24907ace-a0df-4808-8147-d8c3074e8a24,BINS_VARIANCE,5249.0,0.0002028905000277
24907ace-a0df-4808-8147-d8c3074e8a24,BINS_VARIANCE,5499.0,0.0001854810395008
24907ace-a0df-4808-8147-d8c3074e8a24,BINS_VARIANCE,5749.0,0.0001778379795561
24907ace-a0df-4808-8147-d8c3074e8a24,BINS_VARIANCE,5999.0,0.0001466198111226
24907ace-a0df-4808-8147-d8c3074e8a24,BINS_VARIANCE,6249.0,0.0001444449806014
24907ace-a0df-4808-8147-d8c3074e8a24,BINS_VARIANCE,6499.0,0.0001334541333122
24907ace-a0df-4808-8147-d8c3074e8a24,BINS_VARIANCE,6749.0,0.0001264595943513
24907ace-a0df-4808-8147-d8c3074e8a24,BINS_VARIANCE,6999.0,0.0001042095080318
24907ace-a0df-4808-8147-d8c3074e8a24,BINS_VARIANCE,7249.0,9.689506956643258e-05
24907ace-a0df-4808-8147-d8c3074e8a24,BINS_VARIANCE,7499.0,9.525514965424665e-05
24907ace-a0df-4808-8147-d8c3074e8a24,BINS_VARIANCE,7749.0,8.880274874232549e-05
24907ace-a0df-4808-8147-d8c3074e8a24,BINS_VARIANCE,7999.0,8.84622423419619e-05
24907ace-a0df-4808-8147-d8c3074e8a24,BINS_VARIANCE,8249.0,8.367303848619017e-05
24907ace-a0df-4808-8147-d8c3074e8a24,BINS_VARIANCE,8499.0,7.642578316411776e-05
24907ace-a0df-4808-8147-d8c3074e8a24,BINS_VARIANCE,8749.0,7.381313405542974e-05
24907ace-a0df-4808-8147-d8c3074e8a24,BINS_VARIANCE,8999.0,6.341799090915137e-05
24907ace-a0df-4808-8147-d8c3074e8a24,BINS_VARIANCE,9249.0,6.183106906772373e-05
24907ace-a0df-4808-8147-d8c3074e8a24,BINS_VARIANCE,9499.0,6.125862457121003e-05
24907ace-a0df-4808-8147-d8c3074e8a24,BINS_VARIANCE,9749.0,4.931781627880797e-05
24907ace-a0df-4808-8147-d8c3074e8a24,BINS_VARIANCE,9999.0,4.692481193424945e-05
ee97754e-7436-494d-b23c-30c88da8d9f4,SPREAD,1.0,0.9819949932752368
ee97754e-7436-494d-b23c-30c88da8d9f4,SPREAD,249.0,0.9570782147285256
ee97754e-7436-494d-b23c-30c88da8d9f4,SPREAD,499.0,0.9208887832166548
ee97754e-7436-494d-b23c-30c88da8d9f4,SPREAD,749.0,0.8587945236520713
ee97754e-7436-494d-b23c-30c88da8d9f4,SPREAD,999.0,0.8032876828918957
ee97754e-7436-494d-b23c-30c88da8d9f4,SPREAD,1249.0,0.7602780124559267
ee97754e-7436-494d-b23c-30c88da8d9f4,SPREAD,1499.0,0.7227055971818195
ee97754e-7436-494d-b23c-30c88da8d9f4,SPREAD,1749.0,0.6873874494490737
ee97754e-7436-494d-b23c-30c88da8d9f4,SPREAD,1999.0,0.6663892858079901
ee97754e-7436-494d-b23c-30c88da8d9f4,SPREAD,2249.0,0.6504423260197693
ee97754e-7436-494d-b23c-30c88da8d9f4,SPREAD,2499.0,0.6356676608517677
ee97754e-7436-494d-b23c-30c88da8d9f4,SPREAD,2749.0,0.627365404835119
ee97754e-7436-494d-b23c-30c88da8d9f4,SPREAD,2999.0,0.6223344014405793
ee97754e-7436-494d-b23c-30c88da8d9f4,SPREAD,3249.0,0.6177875537017978
ee97754e-7436-494d-b23c-30c88da8d9f4,SPREAD,3499.0,0.6157169071787332
ee97754e-7436-494d-b23c-30c88da8d9f4,SPREAD,3749.0,0.6146707331857375
ee97754e-7436-494d-b23c-30c88da8d9f4,SPREAD,3999.0,0.6138675075000397
ee97754e-7436-494d-b23c-30c88da8d9f4,SPREAD,4249.0,0.6130450215416615
ee97754e-7436-494d-b23c-30c88da8d9f4,SPREAD,4499.0,0.6128041849760113
ee97754e-7436-494d-b23c-30c88da8d9f4,SPREAD,4749.0,0.6127076743143102
ee97754e-7436-494d-b23c-30c88da8d9f4,SPREAD,4999.0,0.6123811547180402
ee97754e-7436-494d-b23c-30c88da8d9f4,SPREAD,5249.0,0.6121730951355173
ee97754e-7436-494d-b23c-30c88da8d9f4,SPREAD,5499.0,0.6121211383431262
ee97754e-7436-494d-b23c-30c88da8d9f4,SPREAD,5749.0,0.6116362430943603
ee97754e-7436-494d-b23c-30c88da8d9f4,SPREAD,5999.0,0.6115458192243455
ee97754e-7436-494d-b23c-30c88da8d9f4,SPREAD,6249.0,0.6115167818636266
ee97754e-7436-494d-b23c-30c88da8d9f4,SPREAD,6499.0,0.6115064740671843
ee97754e-7436-494d-b23c-30c88da8d9f4,SPREAD,6749.0,0.6114962102794417
ee97754e-7436-494d-b23c-30c88da8d9f4,SPREAD,6999.0,0.61144234045422
ee97754e-7436-494d-b23c-30c88da8d9f4,SPREAD,7249.0,0.6114001336900442
ee97754e-7436-494d-b23c-30c88da8d9f4,SPREAD,7499.0,0.6113789813451109
ee97754e-7436-494d-b23c-30c88da8d9f4,SPREAD,7749.0,0.611376286029775
ee97754e-7436-494d-b23c-30c88da8d9f4,SPREAD,7999.0,0.6110953101857093
ee97754e-7436-494d-b23c-30c88da8d9f4,SPREAD,8249.0,0.6110753924537059
ee97754e-7436-494d-b23c-30c88da8d9f4,SPREAD,8499.0,0.6110664450760455
ee97754e-7436-494d-b23c-30c88da8d9f4,SPREAD,8749.0,0.6110604776353654
ee97754e-7436-494d-b23c-30c88da8d9f4,SPREAD,8999.0,0.6110602554033557
ee97754e-7436-494d-b23c-30c88da8d9f4,SPREAD,9249.0,0.6110396215754881
ee97754e-7436-494d-b23c-30c88da8d9f4,SPREAD,9499.0,0.6110390258379497
ee97754e-7436-494d-b23c-30c88da8d9f4,SPREAD,9749.0,0.6110379484964212
ee97754e-7436-494d-b23c-30c88da8d9f4,SPREAD,9999.0,0.6108586339423214
ee97754e-7436-494d-b23c-30c88da8d9f4,DISPERSION,1.0,0.0806379497479468
ee97754e-7436-494d-b23c-30c88da8d9f4,DISPERSION,249.0,0.0753025514809938
ee97754e-7436-494d-b23c-30c88da8d9f4,DISPERSION,499.0,0.070097881483091
ee97754e-7436-494d-b23c-30c88da8d9f4,DISPERSION,749.0,0.0658705882486584
ee97754e-7436-494d-b23c-30c88da8d9f4,DISPERSION,999.0,0.0625663572979816
ee97754e-7436-494d-b23c-30c88da8d9f4,DISPERSION,1249.0,0.0603345178058565
ee97754e-7436-494d-b23c-30c88da8d9f4,DISPERSION,1499.0,0.0589171849344297
ee97754e-7436-494d-b23c-30c88da8d9f4,DISPERSION,1749.0,0.0580296237047127
ee97754e-7436-494d-b23c-30c88da8d9f4,DISPERSION,1999.0,0.0575008907069971
ee97754e-7436-494d-b23c-30c88da8d9f4,DISPERSION,2249.0,0.0571327201623805
ee97754e-7436-494d-b23c-30c88da8d9f4,DISPERSION,2499.0,0.0569462325935208
ee97754e-7436-494d-b23c-30c88da8d9f4,DISPERSION,2749.0,0.0568903037011568
ee97754e-7436-494d-b23c-30c88da8d9f4,DISPERSION,2999.0,0.0568769347026561
ee97754e-7436-494d-b23c-30c88da8d9f4,DISPERSION,3249.0,0.0568708706023764
ee97754e-7436-494d-b23c-30c88da8d9f4,DISPERSION,3499.0,0.0568685327861917
ee97754e-7436-494d-b23c-30c88da8d9f4,DISPERSION,3749.0,0.0568680962487407
ee97754e-7436-494d-b23c-30c88da8d9f4,DISPERSION,3999.0,0.0568674921629263
ee97754e-7436-494d-b23c-30c88da8d9f4,DISPERSION,4249.0,0.0568671076128392
ee97754e-7436-494d-b23c-30c88da8d9f4,DISPERSION,4499.0,0.0568670228475615
ee97754e-7436-494d-b23c-30c88da8d9f4,DISPERSION,4749.0,0.056866569727749
ee97754e-7436-494d-b23c-30c88da8d9f4,DISPERSION,4999.0,0.0568661229744638
ee97754e-7436-494d-b23c-30c88da8d9f4,DISPERSION,5249.0,0.0568660906589595
ee97754e-7436-494d-b23c-30c88da8d9f4,DISPERSION,5499.0,0.0568660718031523
ee97754e-7436-494d-b23c-30c88da8d9f4,DISPERSION,5749.0,0.0568658760273334
ee97754e-7436-494d-b23c-30c88da8d9f4,DISPERSION,5999.0,0.0568658548430425
ee97754e-7436-494d-b23c-30c88da8d9f4,DISPERSION,6249.0,0.0568658424543214
ee97754e-7436-494d-b23c-30c88da8d9f4,DISPERSION,6499.0,0.0568658381159279
ee97754e-7436-494d-b23c-30c88da8d9f4,DISPERSION,6749.0,0.0568658357195824
ee97754e-7436-494d-b23c-30c88da8d9f4,DISPERSION,6999.0,0.0568658340711817
ee97754e-7436-494d-b23c-30c88da8d9f4,DISPERSION,7249.0,0.0568658128828177
ee97754e-7436-494d-b23c-30c88da8d9f4,DISPERSION,7499.0,0.0568657107455593
ee97754e-7436-494d-b23c-30c88da8d9f4,DISPERSION,7749.0,0.0568657079638786
ee97754e-7436-494d-b23c-30c88da8d9f4,DISPERSION,7999.0,0.0568656715330464
ee97754e-7436-494d-b23c-30c88da8d9f4,DISPERSION,8249.0,0.0568656297966353
ee97754e-7436-494d-b23c-30c88da8d9f4,DISPERSION,8499.0,0.0568656293622263
ee97754e-7436-494d-b23c-30c88da8d9f4,DISPERSION,8749.0,0.0568656291538342
ee97754e-7436-494d-b23c-30c88da8d9f4,DISPERSION,8999.0,0.0568656230001587
ee97754e-7436-494d-b23c-30c88da8d9f4,DISPERSION,9249.0,0.0568656223468492
ee97754e-7436-494d-b23c-30c88da8d9f4,DISPERSION,9499.0,0.0568656223364694
ee97754e-7436-494d-b23c-30c88da8d9f4,DISPERSION,9749.0,0.0568656221522892
ee97754e-7436-494d-b23c-30c88da8d9f4,DISPERSION,9999.0,0.0568655733473719
ee97754e-7436-494d-b23c-30c88da8d9f4,COVERED_BINS,1.0,1.0
ee97754e-7436-494d-b23c-30c88da8d9f4,COVERED_BINS,249.0,1.0
ee97754e-7436-494d-b23c-30c88da8d9f4,COVERED_BINS,499.0,0.9925
ee97754e-7436-494d-b23c-30c88da8d9f4,COVERED_BINS,749.0,0.955
ee97754e-7436-494d-b23c-30c88da8d9f4,COVERED_BINS,999.0,0.8675
ee97754e-7436-494d-b23c-30c88da8d9f4,COVERED_BINS,1249.0,0.7375
ee97754e-7436-494d-b23c-30c88da8d9f4,COVERED_BINS,1499.0,0.6075
ee97754e-7436-494d-b23c-30c88da8d9f4,COVERED_BINS,1749.0,0.5075000000000001
ee97754e-7436-494d-b23c-30c88da8d9f4,COVERED_BINS,1999.0,0.4175
ee97754e-7436-494d-b23c-30c88da8d9f4,COVERED_BINS,2249.0,0.36
ee97754e-7436-494d-b23c-30c88da8d9f4,COVERED_BINS,2499.0,0.315
ee97754e-7436-494d-b23c-30c88da8d9f4,COVERED_BINS,2749.0,0.2975
ee97754e-7436-494d-b23c-30c88da8d9f4,COVERED_BINS,2999.0,0.29
ee97754e-7436-494d-b23c-30c88da8d9f4,COVERED_BINS,3249.0,0.285
ee97754e-7436-494d-b23c-30c88da8d9f4,COVERED_BINS,3499.0,0.285
ee97754e-7436-494d-b23c-30c88da8d9f4,COVERED_BINS,3749.0,0.285
ee97754e-7436-494d-b23c-30c88da8d9f4,COVERED_BINS,3999.0,0.285
ee97754e-7436-494d-b23c-30c88da8d9f4,COVERED_BINS,4249.0,0.285
ee97754e-7436-494d-b23c-30c88da8d9f4,COVERED_BINS,4499.0,0.285
ee97754e-7436-494d-b23c-30c88da8d9f4,COVERED_BINS,4749.0,0.2799999999999999
ee97754e-7436-494d-b23c-30c88da8d9f4,COVERED_BINS,4999.0,0.2799999999999999
ee97754e-7436-494d-b23c-30c88da8d9f4,COVERED_BINS,5249.0,0.2799999999999999
ee97754e-7436-494d-b23c-30c88da8d9f4,COVERED_BINS,5499.0,0.2799999999999999
ee97754e-7436-494d-b23c-30c88da8d9f4,COVERED_BINS,5749.0,0.2799999999999999
ee97754e-7436-494d-b23c-30c88da8d9f4,COVERED_BINS,5999.0,0.2799999999999999
ee97754e-7436-494d-b23c-30c88da8d9f4,COVERED_BINS,6249.0,0.2799999999999999
ee97754e-7436-494d-b23c-30c88da8d9f4,COVERED_BINS,6499.0,0.2799999999999999
ee97754e-7436-494d-b23c-30c88da8d9f4,COVERED_BINS,6749.0,0.2799999999999999
ee97754e-7436-494d-b23c-30c88da8d9f4,COVERED_BINS,6999.0,0.2799999999999999
ee97754e-7436-494d-b23c-30c88da8d9f4,COVERED_BINS,7249.0,0.2799999999999999
ee97754e-7436-494d-b23c-30c88da8d9f4,COVERED_BINS,7499.0,0.2799999999999999
ee97754e-7436-494d-b23c-30c88da8d9f4,COVERED_BINS,7749.0,0.2799999999999999
ee97754e-7436-494d-b23c-30c88da8d9f4,COVERED_BINS,7999.0,0.2799999999999999
ee97754e-7436-494d-b23c-30c88da8d9f4,COVERED_BINS,8249.0,0.2799999999999999
ee97754e-7436-494d-b23c-30c88da8d9f4,COVERED_BINS,8499.0,0.2799999999999999
ee97754e-7436-494d-b23c-30c88da8d9f4,COVERED_BINS,8749.0,0.2799999999999999
ee97754e-7436-494d-b23c-30c88da8d9f4,COVERED_BINS,8999.0,0.2799999999999999
ee97754e-7436-494d-b23c-30c88da8d9f4,COVERED_BINS,9249.0,0.2799999999999999
ee97754e-7436-494d-b23c-30c88da8d9f4,COVERED_BINS,9499.0,0.2799999999999999
ee97754e-7436-494d-b23c-30c88da8d9f4,COVERED_BINS,9749.0,0.2799999999999999
ee97754e-7436-494d-b23c-30c88da8d9f4,COVERED_BINS,9999.0,0.2799999999999999
ee97754e-7436-494d-b23c-30c88da8d9f4,BINS_VARIANCE,1.0,0.0268059199513393
ee97754e-7436-494d-b23c-30c88da8d9f4,BINS_VARIANCE,249.0,0.0255947044476104
ee97754e-7436-494d-b23c-30c88da8d9f4,BINS_VARIANCE,499.0,0.0231298687029447
ee97754e-7436-494d-b23c-30c88da8d9f4,BINS_VARIANCE,749.0,0.0192144496577074
ee97754e-7436-494d-b23c-30c88da8d9f4,BINS_VARIANCE,999.0,0.0144924303840345
ee97754e-7436-494d-b23c-30c88da8d9f4,BINS_VARIANCE,1249.0,0.0103966012819452
ee97754e-7436-494d-b23c-30c88da8d9f4,BINS_VARIANCE,1499.0,0.0073861402880244
ee97754e-7436-494d-b23c-30c88da8d9f4,BINS_VARIANCE,1749.0,0.0047690298773069
ee97754e-7436-494d-b23c-30c88da8d9f4,BINS_VARIANCE,1999.0,0.003498550612262
ee97754e-7436-494d-b23c-30c88da8d9f4,BINS_VARIANCE,2249.0,0.0023066633937419
ee97754e-7436-494d-b23c-30c88da8d9f4,BINS_VARIANCE,2499.0,0.0015567789257583
ee97754e-7436-494d-b23c-30c88da8d9f4,BINS_VARIANCE,2749.0,0.0010359918374628
ee97754e-7436-494d-b23c-30c88da8d9f4,BINS_VARIANCE,2999.0,0.0007350299617441
ee97754e-7436-494d-b23c-30c88da8d9f4,BINS_VARIANCE,3249.0,0.0004371690852111
ee97754e-7436-494d-b23c-30c88da8d9f4,BINS_VARIANCE,3499.0,0.00037988031951
ee97754e-7436-494d-b23c-30c88da8d9f4,BINS_VARIANCE,3749.0,0.0003273480234001
ee97754e-7436-494d-b23c-30c88da8d9f4,BINS_VARIANCE,3999.0,0.0002719141377773
ee97754e-7436-494d-b23c-30c88da8d9f4,BINS_VARIANCE,4249.0,0.0002228829254774
ee97754e-7436-494d-b23c-30c88da8d9f4,BINS_VARIANCE,4499.0,0.0002065337723904
ee97754e-7436-494d-b23c-30c88da8d9f4,BINS_VARIANCE,4749.0,0.0002278185774836
ee97754e-7436-494d-b23c-30c88da8d9f4,BINS_VARIANCE,4999.0,0.0001970135171997
ee97754e-7436-494d-b23c-30c88da8d9f4,BINS_VARIANCE,5249.0,0.0001885378958033
ee97754e-7436-494d-b23c-30c88da8d9f4,BINS_VARIANCE,5499.0,0.0001814319277825
ee97754e-7436-494d-b23c-30c88da8d9f4,BINS_VARIANCE,5749.0,0.0001392018820929
ee97754e-7436-494d-b23c-30c88da8d9f4,BINS_VARIANCE,5999.0,0.0001331648391184
ee97754e-7436-494d-b23c-30c88da8d9f4,BINS_VARIANCE,6249.0,0.0001305595774073
ee97754e-7436-494d-b23c-30c88da8d9f4,BINS_VARIANCE,6499.0,0.000127303114841
ee97754e-7436-494d-b23c-30c88da8d9f4,BINS_VARIANCE,6749.0,0.0001258325082087
ee97754e-7436-494d-b23c-30c88da8d9f4,BINS_VARIANCE,6999.0,0.0001246780939995
ee97754e-7436-494d-b23c-30c88da8d9f4,BINS_VARIANCE,7249.0,0.0001229679559481
ee97754e-7436-494d-b23c-30c88da8d9f4,BINS_VARIANCE,7499.0,0.0001139318684824
ee97754e-7436-494d-b23c-30c88da8d9f4,BINS_VARIANCE,7749.0,0.0001124587440897
ee97754e-7436-494d-b23c-30c88da8d9f4,BINS_VARIANCE,7999.0,8.765123279389284e-05
ee97754e-7436-494d-b23c-30c88da8d9f4,BINS_VARIANCE,8249.0,8.20844884382285e-05
ee97754e-7436-494d-b23c-30c88da8d9f4,BINS_VARIANCE,8499.0,8.16096909656909e-05
ee97754e-7436-494d-b23c-30c88da8d9f4,BINS_VARIANCE,8749.0,8.133606466821257e-05
ee97754e-7436-494d-b23c-30c88da8d9f4,BINS_VARIANCE,8999.0,8.054081829094771e-05
ee97754e-7436-494d-b23c-30c88da8d9f4,BINS_VARIANCE,9249.0,7.970725034357733e-05
ee97754e-7436-494d-b23c-30c88da8d9f4,BINS_VARIANCE,9499.0,7.966367762309815e-05
ee97754e-7436-494d-b23c-30c88da8d9f4,BINS_VARIANCE,9749.0,7.944788245732215e-05
ee97754e-7436-494d-b23c-30c88da8d9f4,BINS_VARIANCE,9999.0,6.143947027334122e-05
787cf7e1-354c-4017-bb70-9eaa4c95c989,SPREAD,1.0,0.986715742531188
787cf7e1-354c-4017-bb70-9eaa4c95c989,SPREAD,249.0,0.9998
787cf7e1-354c-4017-bb70-9eaa4c95c989,SPREAD,499.0,0.9998
787cf7e1-354c-4017-bb70-9eaa4c95c989,SPREAD,749.0,0.9998
787cf7e1-354c-4017-bb70-9eaa4c95c989,SPREAD,999.0,0.9998
787cf7e1-354c-4017-bb70-9eaa4c95c989,SPREAD,1249.0,0.9998
787cf7e1-354c-4017-bb70-9eaa4c95c989,SPREAD,1499.0,0.9998
787cf7e1-354c-4017-bb70-9eaa4c95c989,SPREAD,1749.0,0.9998
787cf7e1-354c-4017-bb70-9eaa4c95c989,SPREAD,1999.0,0.9998
787cf7e1-354c-4017-bb70-9eaa4c95c989,SPREAD,2249.0,0.9998
787cf7e1-354c-4017-bb70-9eaa4c95c989,SPREAD,2499.0,0.9998
787cf7e1-354c-4017-bb70-9eaa4c95c989,SPREAD,2749.0,0.9998
787cf7e1-354c-4017-bb70-9eaa4c95c989,SPREAD,2999.0,0.9998
787cf7e1-354c-4017-bb70-9eaa4c95c989,SPREAD,3249.0,0.9998
787cf7e1-354c-4017-bb70-9eaa4c95c989,SPREAD,3499.0,0.9998
787cf7e1-354c-4017-bb70-9eaa4c95c989,SPREAD,3749.0,0.9998
787cf7e1-354c-4017-bb70-9eaa4c95c989,SPREAD,3999.0,0.9998
787cf7e1-354c-4017-bb70-9eaa4c95c989,SPREAD,4249.0,0.9998
787cf7e1-354c-4017-bb70-9eaa4c95c989,SPREAD,4499.0,0.9998
787cf7e1-354c-4017-bb70-9eaa4c95c989,SPREAD,4749.0,0.9998
787cf7e1-354c-4017-bb70-9eaa4c95c989,SPREAD,4999.0,0.9998
787cf7e1-354c-4017-bb70-9eaa4c95c989,SPREAD,5249.0,0.9998
787cf7e1-354c-4017-bb70-9eaa4c95c989,SPREAD,5499.0,0.9998
787cf7e1-354c-4017-bb70-9eaa4c95c989,SPREAD,5749.0,0.9998
787cf7e1-354c-4017-bb70-9eaa4c95c989,SPREAD,5999.0,0.9998
787cf7e1-354c-4017-bb70-9eaa4c95c989,SPREAD,6249.0,0.9998
787cf7e1-354c-4017-bb70-9eaa4c95c989,SPREAD,6499.0,0.9998
787cf7e1-354c-4017-bb70-9eaa4c95c989,SPREAD,6749.0,0.9998
787cf7e1-354c-4017-bb70-9eaa4c95c989,SPREAD,6999.0,0.9998
787cf7e1-354c-4017-bb70-9eaa4c95c989,SPREAD,7249.0,0.9998
787cf7e1-354c-4017-bb70-9eaa4c95c989,SPREAD,7499.0,0.9998
787cf7e1-354c-4017-bb70-9eaa4c95c989,SPREAD,7749.0,0.9998
787cf7e1-354c-4017-bb70-9eaa4c95c989,SPREAD,7999.0,0.9998
787cf7e1-354c-4017-bb70-9eaa4c95c989,SPREAD,8249.0,0.9998
787cf7e1-354c-4017-bb70-9eaa4c95c989,SPREAD,8499.0,0.9998
787cf7e1-354c-4017-bb70-9eaa4c95c989,SPREAD,8749.0,0.9998
787cf7e1-354c-4017-bb70-9eaa4c95c989,SPREAD,8999.0,0.9998
787cf7e1-354c-4017-bb70-9eaa4c95c989,SPREAD,9249.0,0.9998
787cf7e1-354c-4017-bb70-9eaa4c95c989,SPREAD,9499.0,0.9998
787cf7e1-354c-4017-bb70-9eaa4c95c989,SPREAD,9749.0,0.9998
787cf7e1-354c-4017-bb70-9eaa4c95c989,SPREAD,9999.0,0.9998
787cf7e1-354c-4017-bb70-9eaa4c95c989,DISPERSION,1.0,0.0831704345288259
787cf7e1-354c-4017-bb70-9eaa4c95c989,DISPERSION,249.0,0.1252330851883752
787cf7e1-354c-4017-bb70-9eaa4c95c989,DISPERSION,499.0,0.1259735987899487
787cf7e1-354c-4017-bb70-9eaa4c95c989,DISPERSION,749.0,0.1268050399070804
787cf7e1-354c-4017-bb70-9eaa4c95c989,DISPERSION,999.0,0.12713384335586
787cf7e1-354c-4017-bb70-9eaa4c95c989,DISPERSION,1249.0,0.1302554570989332
787cf7e1-354c-4017-bb70-9eaa4c95c989,DISPERSION,1499.0,0.1279565065532264
787cf7e1-354c-4017-bb70-9eaa4c95c989,DISPERSION,1749.0,0.1235621724076038
787cf7e1-354c-4017-bb70-9eaa4c95c989,DISPERSION,1999.0,0.1249064453484521
787cf7e1-354c-4017-bb70-9eaa4c95c989,DISPERSION,2249.0,0.1225832316504702
787cf7e1-354c-4017-bb70-9eaa4c95c989,DISPERSION,2499.0,0.1256983284943333
787cf7e1-354c-4017-bb70-9eaa4c95c989,DISPERSION,2749.0,0.1276577534703205
787cf7e1-354c-4017-bb70-9eaa4c95c989,DISPERSION,2999.0,0.1249925614784571
787cf7e1-354c-4017-bb70-9eaa4c95c989,DISPERSION,3249.0,0.1264315766297457
787cf7e1-354c-4017-bb70-9eaa4c95c989,DISPERSION,3499.0,0.1235940770166776
787cf7e1-354c-4017-bb70-9eaa4c95c989,DISPERSION,3749.0,0.1241190289230654
787cf7e1-354c-4017-bb70-9eaa4c95c989,DISPERSION,3999.0,0.124822374862509
787cf7e1-354c-4017-bb70-9eaa4c95c989,DISPERSION,4249.0,0.1242873138972767
787cf7e1-354c-4017-bb70-9eaa4c95c989,DISPERSION,4499.0,0.1267374911083114
787cf7e1-354c-4017-bb70-9eaa4c95c989,DISPERSION,4749.0,0.1236332696295539
787cf7e1-354c-4017-bb70-9eaa4c95c989,DISPERSION,4999.0,0.1242476703134155
787cf7e1-354c-4017-bb70-9eaa4c95c989,DISPERSION,5249.0,0.1258033443114003
787cf7e1-354c-4017-bb70-9eaa4c95c989,DISPERSION,5499.0,0.1263989984661825
787cf7e1-354c-4017-bb70-9eaa4c95c989,DISPERSION,5749.0,0.1232771223842315
787cf7e1-354c-4017-bb70-9eaa4c95c989,DISPERSION,5999.0,0.1229006859524644
787cf7e1-354c-4017-bb70-9eaa4c95c989,DISPERSION,6249.0,0.1244505569155514
787cf7e1-354c-4017-bb70-9eaa4c95c989,DISPERSION,6499.0,0.1299052796153699
787cf7e1-354c-4017-bb70-9eaa4c95c989,DISPERSION,6749.0,0.1254162544749702
787cf7e1-354c-4017-bb70-9eaa4c95c989,DISPERSION,6999.0,0.1280209873214227
787cf7e1-354c-4017-bb70-9eaa4c95c989,DISPERSION,7249.0,0.1242769934277427
787cf7e1-354c-4017-bb70-9eaa4c95c989,DISPERSION,7499.0,0.1251425199828279
787cf7e1-354c-4017-bb70-9eaa4c95c989,DISPERSION,7749.0,0.1223775240326279
787cf7e1-354c-4017-bb70-9eaa4c95c989,DISPERSION,7999.0,0.125541662236096
787cf7e1-354c-4017-bb70-9eaa4c95c989,DISPERSION,8249.0,0.128143747697706
787cf7e1-354c-4017-bb70-9eaa4c95c989,DISPERSION,8499.0,0.1219073725138147
787cf7e1-354c-4017-bb70-9eaa4c95c989,DISPERSION,8749.0,0.1274516819668293
787cf7e1-354c-4017-bb70-9eaa4c95c989,DISPERSION,8999.0,0.1283648677889595
787cf7e1-354c-4017-bb70-9eaa4c95c989,DISPERSION,9249.0,0.1244484527674306
787cf7e1-354c-4017-bb70-9eaa4c95c989,DISPERSION,9499.0,0.1273237384081508
787cf7e1-354c-4017-bb70-9eaa4c95c989,DISPERSION,9749.0,0.1287185562929609
787cf7e1-354c-4017-bb70-9eaa4c95c989,DISPERSION,9999.0,0.1237225062097098
787cf7e1-354c-4017-bb70-9eaa4c95c989,COVERED_BINS,1.0,1.0
787cf7e1-354c-4017-bb70-9eaa4c95c989,COVERED_BINS,249.0,0.97
787cf7e1-354c-4017-bb70-9eaa4c95c989,COVERED_BINS,499.0,0.97
787cf7e1-354c-4017-bb70-9eaa4c95c989,COVERED_BINS,749.0,0.9575
787cf7e1-354c-4017-bb70-9eaa4c95c989,COVERED_BINS,999.0,0.97
787cf7e1-354c-4017-bb70-9eaa4c95c989,COVERED_BINS,1249.0,0.9625
787cf7e1-354c-4017-bb70-9eaa4c95c989,COVERED_BINS,1499.0,0.95
787cf7e1-354c-4017-bb70-9eaa4c95c989,COVERED_BINS,1749.0,0.9600000000000002
787cf7e1-354c-4017-bb70-9eaa4c95c989,COVERED_BINS,1999.0,0.96
787cf7e1-354c-4017-bb70-9eaa4c95c989,COVERED_BINS,2249.0,0.9525
787cf7e1-354c-4017-bb70-9eaa4c95c989,COVERED_BINS,2499.0,0.96
787cf7e1-354c-4017-bb70-9eaa4c95c989,COVERED_BINS,2749.0,0.9675
787cf7e1-354c-4017-bb70-9eaa4c95c989,COVERED_BINS,2999.0,0.9625
787cf7e1-354c-4017-bb70-9eaa4c95c989,COVERED_BINS,3249.0,0.9725
787cf7e1-354c-4017-bb70-9eaa4c95c989,COVERED_BINS,3499.0,0.95
787cf7e1-354c-4017-bb70-9eaa4c95c989,COVERED_BINS,3749.0,0.9575
787cf7e1-354c-4017-bb70-9eaa4c95c989,COVERED_BINS,3999.0,0.95
787cf7e1-354c-4017-bb70-9eaa4c95c989,COVERED_BINS,4249.0,0.9575
787cf7e1-354c-4017-bb70-9eaa4c95c989,COVERED_BINS,4499.0,0.9525
787cf7e1-354c-4017-bb70-9eaa4c95c989,COVERED_BINS,4749.0,0.96
787cf7e1-354c-4017-bb70-9eaa4c95c989,COVERED_BINS,4999.0,0.9575
787cf7e1-354c-4017-bb70-9eaa4c95c989,COVERED_BINS,5249.0,0.95
787cf7e1-354c-4017-bb70-9eaa4c95c989,COVERED_BINS,5499.0,0.95
787cf7e1-354c-4017-bb70-9eaa4c95c989,COVERED_BINS,5749.0,0.9425
787cf7e1-354c-4017-bb70-9eaa4c95c989,COVERED_BINS,5999.0,0.9625
787cf7e1-354c-4017-bb70-9eaa4c95c989,COVERED_BINS,6249.0,0.955
787cf7e1-354c-4017-bb70-9eaa4c95c989,COVERED_BINS,6499.0,0.9625
787cf7e1-354c-4017-bb70-9eaa4c95c989,COVERED_BINS,6749.0,0.9675
787cf7e1-354c-4017-bb70-9eaa4c95c989,COVERED_BINS,6999.0,0.9825000000000002
787cf7e1-354c-4017-bb70-9eaa4c95c989,COVERED_BINS,7249.0,0.9775
787cf7e1-354c-4017-bb70-9eaa4c95c989,COVERED_BINS,7499.0,0.9625
787cf7e1-354c-4017-bb70-9eaa4c95c989,COVERED_BINS,7749.0,0.9625
787cf7e1-354c-4017-bb70-9eaa4c95c989,COVERED_BINS,7999.0,0.97
787cf7e1-354c-4017-bb70-9eaa4c95c989,COVERED_BINS,8249.0,0.965
787cf7e1-354c-4017-bb70-9eaa4c95c989,COVERED_BINS,8499.0,0.9575
787cf7e1-354c-4017-bb70-9eaa4c95c989,COVERED_BINS,8749.0,0.9599999999999996
787cf7e1-354c-4017-bb70-9eaa4c95c989,COVERED_BINS,8999.0,0.9625
787cf7e1-354c-4017-bb70-9eaa4c95c989,COVERED_BINS,9249.0,0.9600000000000002
787cf7e1-354c-4017-bb70-9eaa4c95c989,COVERED_BINS,9499.0,0.98
787cf7e1-354c-4017-bb70-9eaa4c95c989,COVERED_BINS,9749.0,0.96
787cf7e1-354c-4017-bb70-9eaa4c95c989,COVERED_BINS,9999.0,0.95
787cf7e1-354c-4017-bb70-9eaa4c95c989,BINS_VARIANCE,1.0,0.0270434253934028
787cf7e1-354c-4017-bb70-9eaa4c95c989,BINS_VARIANCE,249.0,0.0194906405336931
787cf7e1-354c-4017-bb70-9eaa4c95c989,BINS_VARIANCE,499.0,0.0196267179359248
787cf7e1-354c-4017-bb70-9eaa4c95c989,BINS_VARIANCE,749.0,0.0193372107788235
787cf7e1-354c-4017-bb70-9eaa4c95c989,BINS_VARIANCE,999.0,0.0192327584010256
787cf7e1-354c-4017-bb70-9eaa4c95c989,BINS_VARIANCE,1249.0,0.0185131580256278
787cf7e1-354c-4017-bb70-9eaa4c95c989,BINS_VARIANCE,1499.0,0.0183785979564021
787cf7e1-354c-4017-bb70-9eaa4c95c989,BINS_VARIANCE,1749.0,0.0197617010793754
787cf7e1-354c-4017-bb70-9eaa4c95c989,BINS_VARIANCE,1999.0,0.0193156904817449
787cf7e1-354c-4017-bb70-9eaa4c95c989,BINS_VARIANCE,2249.0,0.0177254658987793
787cf7e1-354c-4017-bb70-9eaa4c95c989,BINS_VARIANCE,2499.0,0.0186230954915942
787cf7e1-354c-4017-bb70-9eaa4c95c989,BINS_VARIANCE,2749.0,0.01841538411349
787cf7e1-354c-4017-bb70-9eaa4c95c989,BINS_VARIANCE,2999.0,0.0179578247275197
787cf7e1-354c-4017-bb70-9eaa4c95c989,BINS_VARIANCE,3249.0,0.0187998407091054
787cf7e1-354c-4017-bb70-9eaa4c95c989,BINS_VARIANCE,3499.0,0.0182085829259956
787cf7e1-354c-4017-bb70-9eaa4c95c989,BINS_VARIANCE,3749.0,0.0184941398389741
787cf7e1-354c-4017-bb70-9eaa4c95c989,BINS_VARIANCE,3999.0,0.0181819408932015
787cf7e1-354c-4017-bb70-9eaa4c95c989,BINS_VARIANCE,4249.0,0.0194011384966712
787cf7e1-354c-4017-bb70-9eaa4c95c989,BINS_VARIANCE,4499.0,0.01909225699868
787cf7e1-354c-4017-bb70-9eaa4c95c989,BINS_VARIANCE,4749.0,0.0188429107908224
787cf7e1-354c-4017-bb70-9eaa4c95c989,BINS_VARIANCE,4999.0,0.0181606129717508
787cf7e1-354c-4017-bb70-9eaa4c95c989,BINS_VARIANCE,5249.0,0.0180481751892662
787cf7e1-354c-4017-bb70-9eaa4c95c989,BINS_VARIANCE,5499.0,0.0189372332044834
787cf7e1-354c-4017-bb70-9eaa4c95c989,BINS_VARIANCE,5749.0,0.0192909802626055
787cf7e1-354c-4017-bb70-9eaa4c95c989,BINS_VARIANCE,5999.0,0.0199048125265502
787cf7e1-354c-4017-bb70-9eaa4c95c989,BINS_VARIANCE,6249.0,0.0185703565682824
787cf7e1-354c-4017-bb70-9eaa4c95c989,BINS_VARIANCE,6499.0,0.0178581233949981
787cf7e1-354c-4017-bb70-9eaa4c95c989,BINS_VARIANCE,6749.0,0.0192648083197888
787cf7e1-354c-4017-bb70-9eaa4c95c989,BINS_VARIANCE,6999.0,0.0193550414234042
787cf7e1-354c-4017-bb70-9eaa4c95c989,BINS_VARIANCE,7249.0,0.019344251726526
787cf7e1-354c-4017-bb70-9eaa4c95c989,BINS_VARIANCE,7499.0,0.019391292934389
787cf7e1-354c-4017-bb70-9eaa4c95c989,BINS_VARIANCE,7749.0,0.0182275500095604
787cf7e1-354c-4017-bb70-9eaa4c95c989,BINS_VARIANCE,7999.0,0.0187977372498007
787cf7e1-354c-4017-bb70-9eaa4c95c989,BINS_VARIANCE,8249.0,0.0190063039478594
787cf7e1-354c-4017-bb70-9eaa4c95c989,BINS_VARIANCE,8499.0,0.0184339660467167
787cf7e1-354c-4017-bb70-9eaa4c95c989,BINS_VARIANCE,8749.0,0.0187281581886394
787cf7e1-354c-4017-bb70-9eaa4c95c989,BINS_VARIANCE,8999.0,0.0195897096827804
787cf7e1-354c-4017-bb70-9eaa4c95c989,BINS_VARIANCE,9249.0,0.0187428011335245
787cf7e1-354c-4017-bb70-9eaa4c95c989,BINS_VARIANCE,9499.0,0.0199473576242582
787cf7e1-354c-4017-bb70-9eaa4c95c989,BINS_VARIANCE,9749.0,0.0195742371938707
787cf7e1-354c-4017-bb70-9eaa4c95c989,BINS_VARIANCE,9999.0,0.0186157555763595
50059821-af73-44e1-8bd5-5490ac0ea5bb,SPREAD,1.0,0.985307660170372
50059821-af73-44e1-8bd5-5490ac0ea5bb,SPREAD,249.0,0.9998
50059821-af73-44e1-8bd5-5490ac0ea5bb,SPREAD,499.0,0.9998
50059821-af73-44e1-8bd5-5490ac0ea5bb,SPREAD,749.0,0.9998
50059821-af73-44e1-8bd5-5490ac0ea5bb,SPREAD,999.0,0.9998
50059821-af73-44e1-8bd5-5490ac0ea5bb,SPREAD,1249.0,0.9998
50059821-af73-44e1-8bd5-5490ac0ea5bb,SPREAD,1499.0,0.9998
50059821-af73-44e1-8bd5-5490ac0ea5bb,SPREAD,1749.0,0.9998
50059821-af73-44e1-8bd5-5490ac0ea5bb,SPREAD,1999.0,0.9998
50059821-af73-44e1-8bd5-5490ac0ea5bb,SPREAD,2249.0,0.9998
50059821-af73-44e1-8bd5-5490ac0ea5bb,SPREAD,2499.0,0.9998
50059821-af73-44e1-8bd5-5490ac0ea5bb,SPREAD,2749.0,0.9998
50059821-af73-44e1-8bd5-5490ac0ea5bb,SPREAD,2999.0,0.9998
50059821-af73-44e1-8bd5-5490ac0ea5bb,SPREAD,3249.0,0.9998
50059821-af73-44e1-8bd5-5490ac0ea5bb,SPREAD,3499.0,0.9998
50059821-af73-44e1-8bd5-5490ac0ea5bb,SPREAD,3749.0,0.9998
50059821-af73-44e1-8bd5-5490ac0ea5bb,SPREAD,3999.0,0.9998
50059821-af73-44e1-8bd5-5490ac0ea5bb,SPREAD,4249.0,0.9998
50059821-af73-44e1-8bd5-5490ac0ea5bb,SPREAD,4499.0,0.9998
50059821-af73-44e1-8bd5-5490ac0ea5bb,SPREAD,4749.0,0.9998
50059821-af73-44e1-8bd5-5490ac0ea5bb,SPREAD,4999.0,0.9998
50059821-af73-44e1-8bd5-5490ac0ea5bb,SPREAD,5249.0,0.9998
50059821-af73-44e1-8bd5-5490ac0ea5bb,SPREAD,5499.0,0.9998
50059821-af73-44e1-8bd5-5490ac0ea5bb,SPREAD,5749.0,0.9998
50059821-af73-44e1-8bd5-5490ac0ea5bb,SPREAD,5999.0,0.9998
50059821-af73-44e1-8bd5-5490ac0ea5bb,SPREAD,6249.0,0.9998
50059821-af73-44e1-8bd5-5490ac0ea5bb,SPREAD,6499.0,0.9998
50059821-af73-44e1-8bd5-5490ac0ea5bb,SPREAD,6749.0,0.9998
50059821-af73-44e1-8bd5-5490ac0ea5bb,SPREAD,6999.0,0.9998
50059821-af73-44e1-8bd5-5490ac0ea5bb,SPREAD,7249.0,0.9998
50059821-af73-44e1-8bd5-5490ac0ea5bb,SPREAD,7499.0,0.9998
50059821-af73-44e1-8bd5-5490ac0ea5bb,SPREAD,7749.0,0.9998
50059821-af73-44e1-8bd5-5490ac0ea5bb,SPREAD,7999.0,0.9998
50059821-af73-44e1-8bd5-5490ac0ea5bb,SPREAD,8249.0,0.9998
50059821-af73-44e1-8bd5-5490ac0ea5bb,SPREAD,8499.0,0.9998
50059821-af73-44e1-8bd5-5490ac0ea5bb,SPREAD,8749.0,0.9998
50059821-af73-44e1-8bd5-5490ac0ea5bb,SPREAD,8999.0,0.9998
50059821-af73-44e1-8bd5-5490ac0ea5bb,SPREAD,9249.0,0.9998
50059821-af73-44e1-8bd5-5490ac0ea5bb,SPREAD,9499.0,0.9998
50059821-af73-44e1-8bd5-5490ac0ea5bb,SPREAD,9749.0,0.9998
50059821-af73-44e1-8bd5-5490ac0ea5bb,SPREAD,9999.0,0.9998
50059821-af73-44e1-8bd5-5490ac0ea5bb,DISPERSION,1.0,0.0818861648697988
50059821-af73-44e1-8bd5-5490ac0ea5bb,DISPERSION,249.0,0.1276568374954834
50059821-af73-44e1-8bd5-5490ac0ea5bb,DISPERSION,499.0,0.1306364929230894
50059821-af73-44e1-8bd5-5490ac0ea5bb,DISPERSION,749.0,0.1290068943662966
50059821-af73-44e1-8bd5-5490ac0ea5bb,DISPERSION,999.0,0.1298401545379583
50059821-af73-44e1-8bd5-5490ac0ea5bb,DISPERSION,1249.0,0.1308885177192603
50059821-af73-44e1-8bd5-5490ac0ea5bb,DISPERSION,1499.0,0.1307994689767792
50059821-af73-44e1-8bd5-5490ac0ea5bb,DISPERSION,1749.0,0.1328334752044456
50059821-af73-44e1-8bd5-5490ac0ea5bb,DISPERSION,1999.0,0.1327671977073319
50059821-af73-44e1-8bd5-5490ac0ea5bb,DISPERSION,2249.0,0.1258561057772157
50059821-af73-44e1-8bd5-5490ac0ea5bb,DISPERSION,2499.0,0.132993169362109
50059821-af73-44e1-8bd5-5490ac0ea5bb,DISPERSION,2749.0,0.1285075697446795
50059821-af73-44e1-8bd5-5490ac0ea5bb,DISPERSION,2999.0,0.1315917432514033
50059821-af73-44e1-8bd5-5490ac0ea5bb,DISPERSION,3249.0,0.1310005205403359
50059821-af73-44e1-8bd5-5490ac0ea5bb,DISPERSION,3499.0,0.1275866928664358
50059821-af73-44e1-8bd5-5490ac0ea5bb,DISPERSION,3749.0,0.1309397730184336
50059821-af73-44e1-8bd5-5490ac0ea5bb,DISPERSION,3999.0,0.1287567681868593
50059821-af73-44e1-8bd5-5490ac0ea5bb,DISPERSION,4249.0,0.1303354547883302
50059821-af73-44e1-8bd5-5490ac0ea5bb,DISPERSION,4499.0,0.1301366864009507
50059821-af73-44e1-8bd5-5490ac0ea5bb,DISPERSION,4749.0,0.1302768534722786
50059821-af73-44e1-8bd5-5490ac0ea5bb,DISPERSION,4999.0,0.1271949291920883
50059821-af73-44e1-8bd5-5490ac0ea5bb,DISPERSION,5249.0,0.1315955227687795
50059821-af73-44e1-8bd5-5490ac0ea5bb,DISPERSION,5499.0,0.1291035861895379
50059821-af73-44e1-8bd5-5490ac0ea5bb,DISPERSION,5749.0,0.1302915811247311
50059821-af73-44e1-8bd5-5490ac0ea5bb,DISPERSION,5999.0,0.130754901038823
50059821-af73-44e1-8bd5-5490ac0ea5bb,DISPERSION,6249.0,0.1305853115100227
50059821-af73-44e1-8bd5-5490ac0ea5bb,DISPERSION,6499.0,0.1296794535759652
50059821-af73-44e1-8bd5-5490ac0ea5bb,DISPERSION,6749.0,0.1307033846203402
50059821-af73-44e1-8bd5-5490ac0ea5bb,DISPERSION,6999.0,0.1298218002124917
50059821-af73-44e1-8bd5-5490ac0ea5bb,DISPERSION,7249.0,0.1285256173812571
50059821-af73-44e1-8bd5-5490ac0ea5bb,DISPERSION,7499.0,0.1310932288318101
50059821-af73-44e1-8bd5-5490ac0ea5bb,DISPERSION,7749.0,0.130445442015944
50059821-af73-44e1-8bd5-5490ac0ea5bb,DISPERSION,7999.0,0.1289464177648833
50059821-af73-44e1-8bd5-5490ac0ea5bb,DISPERSION,8249.0,0.1303367720199754
50059821-af73-44e1-8bd5-5490ac0ea5bb,DISPERSION,8499.0,0.1319449204085972
50059821-af73-44e1-8bd5-5490ac0ea5bb,DISPERSION,8749.0,0.1252736368736082
50059821-af73-44e1-8bd5-5490ac0ea5bb,DISPERSION,8999.0,0.1289629534464985
50059821-af73-44e1-8bd5-5490ac0ea5bb,DISPERSION,9249.0,0.1275400339525514
50059821-af73-44e1-8bd5-5490ac0ea5bb,DISPERSION,9499.0,0.1300922339164386
50059821-af73-44e1-8bd5-5490ac0ea5bb,DISPERSION,9749.0,0.1325844395534483
50059821-af73-44e1-8bd5-5490ac0ea5bb,DISPERSION,9999.0,0.1312358706671317
50059821-af73-44e1-8bd5-5490ac0ea5bb,COVERED_BINS,1.0,1.0
50059821-af73-44e1-8bd5-5490ac0ea5bb,COVERED_BINS,249.0,0.9675
50059821-af73-44e1-8bd5-5490ac0ea5bb,COVERED_BINS,499.0,0.985
50059821-af73-44e1-8bd5-5490ac0ea5bb,COVERED_BINS,749.0,0.9675
50059821-af73-44e1-8bd5-5490ac0ea5bb,COVERED_BINS,999.0,0.96
50059821-af73-44e1-8bd5-5490ac0ea5bb,COVERED_BINS,1249.0,0.9600000000000002
50059821-af73-44e1-8bd5-5490ac0ea5bb,COVERED_BINS,1499.0,0.9675
50059821-af73-44e1-8bd5-5490ac0ea5bb,COVERED_BINS,1749.0,0.9675
50059821-af73-44e1-8bd5-5490ac0ea5bb,COVERED_BINS,1999.0,0.9625
50059821-af73-44e1-8bd5-5490ac0ea5bb,COVERED_BINS,2249.0,0.955
50059821-af73-44e1-8bd5-5490ac0ea5bb,COVERED_BINS,2499.0,0.965
50059821-af73-44e1-8bd5-5490ac0ea5bb,COVERED_BINS,2749.0,0.955
50059821-af73-44e1-8bd5-5490ac0ea5bb,COVERED_BINS,2999.0,0.95
50059821-af73-44e1-8bd5-5490ac0ea5bb,COVERED_BINS,3249.0,0.955
50059821-af73-44e1-8bd5-5490ac0ea5bb,COVERED_BINS,3499.0,0.965
50059821-af73-44e1-8bd5-5490ac0ea5bb,COVERED_BINS,3749.0,0.9625
50059821-af73-44e1-8bd5-5490ac0ea5bb,COVERED_BINS,3999.0,0.9725
50059821-af73-44e1-8bd5-5490ac0ea5bb,COVERED_BINS,4249.0,0.98
50059821-af73-44e1-8bd5-5490ac0ea5bb,COVERED_BINS,4499.0,0.95
50059821-af73-44e1-8bd5-5490ac0ea5bb,COVERED_BINS,4749.0,0.9525
50059821-af73-44e1-8bd5-5490ac0ea5bb,COVERED_BINS,4999.0,0.9600000000000002
50059821-af73-44e1-8bd5-5490ac0ea5bb,COVERED_BINS,5249.0,0.965
50059821-af73-44e1-8bd5-5490ac0ea5bb,COVERED_BINS,5499.0,0.975
50059821-af73-44e1-8bd5-5490ac0ea5bb,COVERED_BINS,5749.0,0.9625
50059821-af73-44e1-8bd5-5490ac0ea5bb,COVERED_BINS,5999.0,0.9675
50059821-af73-44e1-8bd5-5490ac0ea5bb,COVERED_BINS,6249.0,0.9625
50059821-af73-44e1-8bd5-5490ac0ea5bb,COVERED_BINS,6499.0,0.9675
50059821-af73-44e1-8bd5-5490ac0ea5bb,COVERED_BINS,6749.0,0.95
50059821-af73-44e1-8bd5-5490ac0ea5bb,COVERED_BINS,6999.0,0.9575
50059821-af73-44e1-8bd5-5490ac0ea5bb,COVERED_BINS,7249.0,0.9549999999999998
50059821-af73-44e1-8bd5-5490ac0ea5bb,COVERED_BINS,7499.0,0.9625
50059821-af73-44e1-8bd5-5490ac0ea5bb,COVERED_BINS,7749.0,0.9625
50059821-af73-44e1-8bd5-5490ac0ea5bb,COVERED_BINS,7999.0,0.9575
50059821-af73-44e1-8bd5-5490ac0ea5bb,COVERED_BINS,8249.0,0.965
50059821-af73-44e1-8bd5-5490ac0ea5bb,COVERED_BINS,8499.0,0.9600000000000002
50059821-af73-44e1-8bd5-5490ac0ea5bb,COVERED_BINS,8749.0,0.9399999999999998
50059821-af73-44e1-8bd5-5490ac0ea5bb,COVERED_BINS,8999.0,0.9775
50059821-af73-44e1-8bd5-5490ac0ea5bb,COVERED_BINS,9249.0,0.945
50059821-af73-44e1-8bd5-5490ac0ea5bb,COVERED_BINS,9499.0,0.9625
50059821-af73-44e1-8bd5-5490ac0ea5bb,COVERED_BINS,9749.0,0.9625
50059821-af73-44e1-8bd5-5490ac0ea5bb,COVERED_BINS,9999.0,0.9625
50059821-af73-44e1-8bd5-5490ac0ea5bb,BINS_VARIANCE,1.0,0.0270981490665125
50059821-af73-44e1-8bd5-5490ac0ea5bb,BINS_VARIANCE,249.0,0.0199167671388703
50059821-af73-44e1-8bd5-5490ac0ea5bb,BINS_VARIANCE,499.0,0.01943212449655
50059821-af73-44e1-8bd5-5490ac0ea5bb,BINS_VARIANCE,749.0,0.0194027276796387
50059821-af73-44e1-8bd5-5490ac0ea5bb,BINS_VARIANCE,999.0,0.0188457395862318
50059821-af73-44e1-8bd5-5490ac0ea5bb,BINS_VARIANCE,1249.0,0.0183358881095031
50059821-af73-44e1-8bd5-5490ac0ea5bb,BINS_VARIANCE,1499.0,0.018868816539451
50059821-af73-44e1-8bd5-5490ac0ea5bb,BINS_VARIANCE,1749.0,0.0192748201193498
50059821-af73-44e1-8bd5-5490ac0ea5bb,BINS_VARIANCE,1999.0,0.019760837636637
50059821-af73-44e1-8bd5-5490ac0ea5bb,BINS_VARIANCE,2249.0,0.0185070674988985
50059821-af73-44e1-8bd5-5490ac0ea5bb,BINS_VARIANCE,2499.0,0.018872426256774
50059821-af73-44e1-8bd5-5490ac0ea5bb,BINS_VARIANCE,2749.0,0.0183084822697315
50059821-af73-44e1-8bd5-5490ac0ea5bb,BINS_VARIANCE,2999.0,0.0185184386967952
50059821-af73-44e1-8bd5-5490ac0ea5bb,BINS_VARIANCE,3249.0,0.0186718805997772
50059821-af73-44e1-8bd5-5490ac0ea5bb,BINS_VARIANCE,3499.0,0.0184137814196443
50059821-af73-44e1-8bd5-5490ac0ea5bb,BINS_VARIANCE,3749.0,0.0176105026015173
50059821-af73-44e1-8bd5-5490ac0ea5bb,BINS_VARIANCE,3999.0,0.0194944925308675
50059821-af73-44e1-8bd5-5490ac0ea5bb,BINS_VARIANCE,4249.0,0.0195204408124269
50059821-af73-44e1-8bd5-5490ac0ea5bb,BINS_VARIANCE,4499.0,0.0191933716651672
50059821-af73-44e1-8bd5-5490ac0ea5bb,BINS_VARIANCE,4749.0,0.0188884368487425
50059821-af73-44e1-8bd5-5490ac0ea5bb,BINS_VARIANCE,4999.0,0.018941178775917
50059821-af73-44e1-8bd5-5490ac0ea5bb,BINS_VARIANCE,5249.0,0.0182150185779455
50059821-af73-44e1-8bd5-5490ac0ea5bb,BINS_VARIANCE,5499.0,0.0191592097297922
50059821-af73-44e1-8bd5-5490ac0ea5bb,BINS_VARIANCE,5749.0,0.0187112048948874
50059821-af73-44e1-8bd5-5490ac0ea5bb,BINS_VARIANCE,5999.0,0.0181269724820413
50059821-af73-44e1-8bd5-5490ac0ea5bb,BINS_VARIANCE,6249.0,0.0189701787763422
50059821-af73-44e1-8bd5-5490ac0ea5bb,BINS_VARIANCE,6499.0,0.0197092768366424
50059821-af73-44e1-8bd5-5490ac0ea5bb,BINS_VARIANCE,6749.0,0.0182888842328734
50059821-af73-44e1-8bd5-5490ac0ea5bb,BINS_VARIANCE,6999.0,0.0185143509414913
50059821-af73-44e1-8bd5-5490ac0ea5bb,BINS_VARIANCE,7249.0,0.0178849533265397
50059821-af73-44e1-8bd5-5490ac0ea5bb,BINS_VARIANCE,7499.0,0.0189647465283789
50059821-af73-44e1-8bd5-5490ac0ea5bb,BINS_VARIANCE,7749.0,0.018951504048249
50059821-af73-44e1-8bd5-5490ac0ea5bb,BINS_VARIANCE,7999.0,0.0193360283891119
50059821-af73-44e1-8bd5-5490ac0ea5bb,BINS_VARIANCE,8249.0,0.0186996871487272
50059821-af73-44e1-8bd5-5490ac0ea5bb,BINS_VARIANCE,8499.0,0.018723290972029
50059821-af73-44e1-8bd5-5490ac0ea5bb,BINS_VARIANCE,8749.0,0.0192999695633908
50059821-af73-44e1-8bd5-5490ac0ea5bb,BINS_VARIANCE,8999.0,0.0183707216777425
50059821-af73-44e1-8bd5-5490ac0ea5bb,BINS_VARIANCE,9249.0,0.0181728368111886
50059821-af73-44e1-8bd5-5490ac0ea5bb,BINS_VARIANCE,9499.0,0.0198301196262682
50059821-af73-44e1-8bd5-5490ac0ea5bb,BINS_VARIANCE,9749.0,0.0184611729971427
50059821-af73-44e1-8bd5-5490ac0ea5bb,BINS_VARIANCE,9999.0,0.0186111121770981
d03cd635-0f77-4ce9-99ff-31c52d441704,SPREAD,1.0,0.9792583533564576
d03cd635-0f77-4ce9-99ff-31c52d441704,SPREAD,249.0,0.9998
d03cd635-0f77-4ce9-99ff-31c52d441704,SPREAD,499.0,0.9998
d03cd635-0f77-4ce9-99ff-31c52d441704,SPREAD,749.0,0.9998
d03cd635-0f77-4ce9-99ff-31c52d441704,SPREAD,999.0,0.9998
d03cd635-0f77-4ce9-99ff-31c52d441704,SPREAD,1249.0,0.9998
d03cd635-0f77-4ce9-99ff-31c52d441704,SPREAD,1499.0,0.9998
d03cd635-0f77-4ce9-99ff-31c52d441704,SPREAD,1749.0,0.9998
d03cd635-0f77-4ce9-99ff-31c52d441704,SPREAD,1999.0,0.9998
d03cd635-0f77-4ce9-99ff-31c52d441704,SPREAD,2249.0,0.9998
d03cd635-0f77-4ce9-99ff-31c52d441704,SPREAD,2499.0,0.9998
d03cd635-0f77-4ce9-99ff-31c52d441704,SPREAD,2749.0,0.9998
d03cd635-0f77-4ce9-99ff-31c52d441704,SPREAD,2999.0,0.9998
d03cd635-0f77-4ce9-99ff-31c52d441704,SPREAD,3249.0,0.9998
d03cd635-0f77-4ce9-99ff-31c52d441704,SPREAD,3499.0,0.9998
d03cd635-0f77-4ce9-99ff-31c52d441704,SPREAD,3749.0,0.9998
d03cd635-0f77-4ce9-99ff-31c52d441704,SPREAD,3999.0,0.9998
d03cd635-0f77-4ce9-99ff-31c52d441704,SPREAD,4249.0,0.9998
d03cd635-0f77-4ce9-99ff-31c52d441704,SPREAD,4499.0,0.9998
d03cd635-0f77-4ce9-99ff-31c52d441704,SPREAD,4749.0,0.9998
d03cd635-0f77-4ce9-99ff-31c52d441704,SPREAD,4999.0,0.9998
d03cd635-0f77-4ce9-99ff-31c52d441704,SPREAD,5249.0,0.9998
d03cd635-0f77-4ce9-99ff-31c52d441704,SPREAD,5499.0,0.9998
d03cd635-0f77-4ce9-99ff-31c52d441704,SPREAD,5749.0,0.9998
d03cd635-0f77-4ce9-99ff-31c52d441704,SPREAD,5999.0,0.9998
d03cd635-0f77-4ce9-99ff-31c52d441704,SPREAD,6249.0,0.9998
d03cd635-0f77-4ce9-99ff-31c52d441704,SPREAD,6499.0,0.9998
d03cd635-0f77-4ce9-99ff-31c52d441704,SPREAD,6749.0,0.9998
d03cd635-0f77-4ce9-99ff-31c52d441704,SPREAD,6999.0,0.9998
d03cd635-0f77-4ce9-99ff-31c52d441704,SPREAD,7249.0,0.9998
d03cd635-0f77-4ce9-99ff-31c52d441704,SPREAD,7499.0,0.9998
d03cd635-0f77-4ce9-99ff-31c52d441704,SPREAD,7749.0,0.9998
d03cd635-0f77-4ce9-99ff-31c52d441704,SPREAD,7999.0,0.9998
d03cd635-0f77-4ce9-99ff-31c52d441704,SPREAD,8249.0,0.9998
d03cd635-0f77-4ce9-99ff-31c52d441704,SPREAD,8499.0,0.9998
d03cd635-0f77-4ce9-99ff-31c52d441704,SPREAD,8749.0,0.9998
d03cd635-0f77-4ce9-99ff-31c52d441704,SPREAD,8999.0,0.9998
d03cd635-0f77-4ce9-99ff-31c52d441704,SPREAD,9249.0,0.9998
d03cd635-0f77-4ce9-99ff-31c52d441704,SPREAD,9499.0,0.9998
d03cd635-0f77-4ce9-99ff-31c52d441704,SPREAD,9749.0,0.9998
d03cd635-0f77-4ce9-99ff-31c52d441704,SPREAD,9999.0,0.9998
d03cd635-0f77-4ce9-99ff-31c52d441704,DISPERSION,1.0,0.0828460580755404
d03cd635-0f77-4ce9-99ff-31c52d441704,DISPERSION,249.0,0.1204995575265584
d03cd635-0f77-4ce9-99ff-31c52d441704,DISPERSION,499.0,0.121035124345566
d03cd635-0f77-4ce9-99ff-31c52d441704,DISPERSION,749.0,0.1256308093609198
d03cd635-0f77-4ce9-99ff-31c52d441704,DISPERSION,999.0,0.1247005064554197
d03cd635-0f77-4ce9-99ff-31c52d441704,DISPERSION,1249.0,0.122909327431137
d03cd635-0f77-4ce9-99ff-31c52d441704,DISPERSION,1499.0,0.12627395949183
d03cd635-0f77-4ce9-99ff-31c52d441704,DISPERSION,1749.0,0.1225639121750511
d03cd635-0f77-4ce9-99ff-31c52d441704,DISPERSION,1999.0,0.1225948907385003
d03cd635-0f77-4ce9-99ff-31c52d441704,DISPERSION,2249.0,0.1217909744786762
d03cd635-0f77-4ce9-99ff-31c52d441704,DISPERSION,2499.0,0.1215974970225495
d03cd635-0f77-4ce9-99ff-31c52d441704,DISPERSION,2749.0,0.1260910957676058
d03cd635-0f77-4ce9-99ff-31c52d441704,DISPERSION,2999.0,0.1224730829939435
d03cd635-0f77-4ce9-99ff-31c52d441704,DISPERSION,3249.0,0.1232523509430214
d03cd635-0f77-4ce9-99ff-31c52d441704,DISPERSION,3499.0,0.1247571091212175
d03cd635-0f77-4ce9-99ff-31c52d441704,DISPERSION,3749.0,0.1211202400726715
d03cd635-0f77-4ce9-99ff-31c52d441704,DISPERSION,3999.0,0.1218853692402909
d03cd635-0f77-4ce9-99ff-31c52d441704,DISPERSION,4249.0,0.1242068301542951
d03cd635-0f77-4ce9-99ff-31c52d441704,DISPERSION,4499.0,0.1252006893529847
d03cd635-0f77-4ce9-99ff-31c52d441704,DISPERSION,4749.0,0.1262003947498886
d03cd635-0f77-4ce9-99ff-31c52d441704,DISPERSION,4999.0,0.125246526215284
d03cd635-0f77-4ce9-99ff-31c52d441704,DISPERSION,5249.0,0.1230580654543509
d03cd635-0f77-4ce9-99ff-31c52d441704,DISPERSION,5499.0,0.1244953266275095
d03cd635-0f77-4ce9-99ff-31c52d441704,DISPERSION,5749.0,0.1204004642814191
d03cd635-0f77-4ce9-99ff-31c52d441704,DISPERSION,5999.0,0.1246967283740566
d03cd635-0f77-4ce9-99ff-31c52d441704,DISPERSION,6249.0,0.1250049078095138
d03cd635-0f77-4ce9-99ff-31c52d441704,DISPERSION,6499.0,0.1225492240179121
d03cd635-0f77-4ce9-99ff-31c52d441704,DISPERSION,6749.0,0.1225692743369844
d03cd635-0f77-4ce9-99ff-31c52d441704,DISPERSION,6999.0,0.1208386628059657
d03cd635-0f77-4ce9-99ff-31c52d441704,DISPERSION,7249.0,0.1259046341556546
d03cd635-0f77-4ce9-99ff-31c52d441704,DISPERSION,7499.0,0.1232071492436903
d03cd635-0f77-4ce9-99ff-31c52d441704,DISPERSION,7749.0,0.1220282343320613
d03cd635-0f77-4ce9-99ff-31c52d441704,DISPERSION,7999.0,0.1213483976984525
d03cd635-0f77-4ce9-99ff-31c52d441704,DISPERSION,8249.0,0.1199826673824925
d03cd635-0f77-4ce9-99ff-31c52d441704,DISPERSION,8499.0,0.1233246958735814
d03cd635-0f77-4ce9-99ff-31c52d441704,DISPERSION,8749.0,0.1233902900218706
d03cd635-0f77-4ce9-99ff-31c52d441704,DISPERSION,8999.0,0.120626623133412
d03cd635-0f77-4ce9-99ff-31c52d441704,DISPERSION,9249.0,0.1202939962331448
d03cd635-0f77-4ce9-99ff-31c52d441704,DISPERSION,9499.0,0.1208479143074961
d03cd635-0f77-4ce9-99ff-31c52d441704,DISPERSION,9749.0,0.119473815961697
d03cd635-0f77-4ce9-99ff-31c52d441704,DISPERSION,9999.0,0.1249626040317808
d03cd635-0f77-4ce9-99ff-31c52d441704,COVERED_BINS,1.0,1.0
d03cd635-0f77-4ce9-99ff-31c52d441704,COVERED_BINS,249.0,0.9625
d03cd635-0f77-4ce9-99ff-31c52d441704,COVERED_BINS,499.0,0.955
d03cd635-0f77-4ce9-99ff-31c52d441704,COVERED_BINS,749.0,0.9625
d03cd635-0f77-4ce9-99ff-31c52d441704,COVERED_BINS,999.0,0.965
d03cd635-0f77-4ce9-99ff-31c52d441704,COVERED_BINS,1249.0,0.95
d03cd635-0f77-4ce9-99ff-31c52d441704,COVERED_BINS,1499.0,0.975
d03cd635-0f77-4ce9-99ff-31c52d441704,COVERED_BINS,1749.0,0.955
d03cd635-0f77-4ce9-99ff-31c52d441704,COVERED_BINS,1999.0,0.975
d03cd635-0f77-4ce9-99ff-31c52d441704,COVERED_BINS,2249.0,0.9625
d03cd635-0f77-4ce9-99ff-31c52d441704,COVERED_BINS,2499.0,0.9675
d03cd635-0f77-4ce9-99ff-31c52d441704,COVERED_BINS,2749.0,0.9575
d03cd635-0f77-4ce9-99ff-31c52d441704,COVERED_BINS,2999.0,0.96
d03cd635-0f77-4ce9-99ff-31c52d441704,COVERED_BINS,3249.0,0.9625
d03cd635-0f77-4ce9-99ff-31c52d441704,COVERED_BINS,3499.0,0.96
d03cd635-0f77-4ce9-99ff-31c52d441704,COVERED_BINS,3749.0,0.97
d03cd635-0f77-4ce9-99ff-31c52d441704,COVERED_BINS,3999.0,0.97
d03cd635-0f77-4ce9-99ff-31c52d441704,COVERED_BINS,4249.0,0.9625
d03cd635-0f77-4ce9-99ff-31c52d441704,COVERED_BINS,4499.0,0.9725
d03cd635-0f77-4ce9-99ff-31c52d441704,COVERED_BINS,4749.0,0.9775
d03cd635-0f77-4ce9-99ff-31c52d441704,COVERED_BINS,4999.0,0.96
d03cd635-0f77-4ce9-99ff-31c52d441704,COVERED_BINS,5249.0,0.9600000000000002
d03cd635-0f77-4ce9-99ff-31c52d441704,COVERED_BINS,5499.0,0.9425
d03cd635-0f77-4ce9-99ff-31c52d441704,COVERED_BINS,5749.0,0.975
d03cd635-0f77-4ce9-99ff-31c52d441704,COVERED_BINS,5999.0,0.975
d03cd635-0f77-4ce9-99ff-31c52d441704,COVERED_BINS,6249.0,0.9675
d03cd635-0f77-4ce9-99ff-31c52d441704,COVERED_BINS,6499.0,0.9725
d03cd635-0f77-4ce9-99ff-31c52d441704,COVERED_BINS,6749.0,0.9675
d03cd635-0f77-4ce9-99ff-31c52d441704,COVERED_BINS,6999.0,0.9825000000000002
d03cd635-0f77-4ce9-99ff-31c52d441704,COVERED_BINS,7249.0,0.955
d03cd635-0f77-4ce9-99ff-31c52d441704,COVERED_BINS,7499.0,0.9575
d03cd635-0f77-4ce9-99ff-31c52d441704,COVERED_BINS,7749.0,0.9625
d03cd635-0f77-4ce9-99ff-31c52d441704,COVERED_BINS,7999.0,0.9575
d03cd635-0f77-4ce9-99ff-31c52d441704,COVERED_BINS,8249.0,0.97
d03cd635-0f77-4ce9-99ff-31c52d441704,COVERED_BINS,8499.0,0.95
d03cd635-0f77-4ce9-99ff-31c52d441704,COVERED_BINS,8749.0,0.9625
d03cd635-0f77-4ce9-99ff-31c52d441704,COVERED_BINS,8999.0,0.9525
d03cd635-0f77-4ce9-99ff-31c52d441704,COVERED_BINS,9249.0,0.975
d03cd635-0f77-4ce9-99ff-31c52d441704,COVERED_BINS,9499.0,0.9625
d03cd635-0f77-4ce9-99ff-31c52d441704,COVERED_BINS,9749.0,0.965
d03cd635-0f77-4ce9-99ff-31c52d441704,COVERED_BINS,9999.0,0.9625
d03cd635-0f77-4ce9-99ff-31c52d441704,BINS_VARIANCE,1.0,0.0265579454069786
d03cd635-0f77-4ce9-99ff-31c52d441704,BINS_VARIANCE,249.0,0.0193680114956459
d03cd635-0f77-4ce9-99ff-31c52d441704,BINS_VARIANCE,499.0,0.0183906999008192
d03cd635-0f77-4ce9-99ff-31c52d441704,BINS_VARIANCE,749.0,0.0193873350401344
d03cd635-0f77-4ce9-99ff-31c52d441704,BINS_VARIANCE,999.0,0.019871268355483
d03cd635-0f77-4ce9-99ff-31c52d441704,BINS_VARIANCE,1249.0,0.0195490395837532
d03cd635-0f77-4ce9-99ff-31c52d441704,BINS_VARIANCE,1499.0,0.0194062371433703
d03cd635-0f77-4ce9-99ff-31c52d441704,BINS_VARIANCE,1749.0,0.0187629179464727
d03cd635-0f77-4ce9-99ff-31c52d441704,BINS_VARIANCE,1999.0,0.01895587010138
d03cd635-0f77-4ce9-99ff-31c52d441704,BINS_VARIANCE,2249.0,0.0196031443841024
d03cd635-0f77-4ce9-99ff-31c52d441704,BINS_VARIANCE,2499.0,0.0200625371805785
d03cd635-0f77-4ce9-99ff-31c52d441704,BINS_VARIANCE,2749.0,0.0191949064887402
d03cd635-0f77-4ce9-99ff-31c52d441704,BINS_VARIANCE,2999.0,0.0195122840853427
d03cd635-0f77-4ce9-99ff-31c52d441704,BINS_VARIANCE,3249.0,0.019019350940294
d03cd635-0f77-4ce9-99ff-31c52d441704,BINS_VARIANCE,3499.0,0.0190022825546345
d03cd635-0f77-4ce9-99ff-31c52d441704,BINS_VARIANCE,3749.0,0.0199492905092087
d03cd635-0f77-4ce9-99ff-31c52d441704,BINS_VARIANCE,3999.0,0.0194743045109687
d03cd635-0f77-4ce9-99ff-31c52d441704,BINS_VARIANCE,4249.0,0.0190135647546406
d03cd635-0f77-4ce9-99ff-31c52d441704,BINS_VARIANCE,4499.0,0.0201248265327162
d03cd635-0f77-4ce9-99ff-31c52d441704,BINS_VARIANCE,4749.0,0.0194648506650215
d03cd635-0f77-4ce9-99ff-31c52d441704,BINS_VARIANCE,4999.0,0.0197608053049461
d03cd635-0f77-4ce9-99ff-31c52d441704,BINS_VARIANCE,5249.0,0.0193550716637011
d03cd635-0f77-4ce9-99ff-31c52d441704,BINS_VARIANCE,5499.0,0.0183820643440644
d03cd635-0f77-4ce9-99ff-31c52d441704,BINS_VARIANCE,5749.0,0.0189440997714149
d03cd635-0f77-4ce9-99ff-31c52d441704,BINS_VARIANCE,5999.0,0.0201313452673338
d03cd635-0f77-4ce9-99ff-31c52d441704,BINS_VARIANCE,6249.0,0.0187757309401272
d03cd635-0f77-4ce9-99ff-31c52d441704,BINS_VARIANCE,6499.0,0.0203325647168073
d03cd635-0f77-4ce9-99ff-31c52d441704,BINS_VARIANCE,6749.0,0.0188742004896206
d03cd635-0f77-4ce9-99ff-31c52d441704,BINS_VARIANCE,6999.0,0.0191205138904715
d03cd635-0f77-4ce9-99ff-31c52d441704,BINS_VARIANCE,7249.0,0.0185851735965492
d03cd635-0f77-4ce9-99ff-31c52d441704,BINS_VARIANCE,7499.0,0.0197702904364671
d03cd635-0f77-4ce9-99ff-31c52d441704,BINS_VARIANCE,7749.0,0.0190222041874635
d03cd635-0f77-4ce9-99ff-31c52d441704,BINS_VARIANCE,7999.0,0.0198538151897972
d03cd635-0f77-4ce9-99ff-31c52d441704,BINS_VARIANCE,8249.0,0.018205032196071
d03cd635-0f77-4ce9-99ff-31c52d441704,BINS_VARIANCE,8499.0,0.0185669504444236
d03cd635-0f77-4ce9-99ff-31c52d441704,BINS_VARIANCE,8749.0,0.0201395846855889
d03cd635-0f77-4ce9-99ff-31c52d441704,BINS_VARIANCE,8999.0,0.019480206401334
d03cd635-0f77-4ce9-99ff-31c52d441704,BINS_VARIANCE,9249.0,0.0200349120336243
d03cd635-0f77-4ce9-99ff-31c52d441704,BINS_VARIANCE,9499.0,0.0186201966653504
d03cd635-0f77-4ce9-99ff-31c52d441704,BINS_VARIANCE,9749.0,0.018853340668727
d03cd635-0f77-4ce9-99ff-31c52d441704,BINS_VARIANCE,9999.0,0.0193544126186509
d36bac3b-ae6f-42c0-a3bc-cf5db1cc65b8,SPREAD,1.0,0.9845630343989289
d36bac3b-ae6f-42c0-a3bc-cf5db1cc65b8,SPREAD,249.0,0.9998000000000001
d36bac3b-ae6f-42c0-a3bc-cf5db1cc65b8,SPREAD,499.0,0.9998000000000001
d36bac3b-ae6f-42c0-a3bc-cf5db1cc65b8,SPREAD,749.0,0.9998000000000001
d36bac3b-ae6f-42c0-a3bc-cf5db1cc65b8,SPREAD,999.0,0.9998000000000001
d36bac3b-ae6f-42c0-a3bc-cf5db1cc65b8,SPREAD,1249.0,0.9998000000000001
d36bac3b-ae6f-42c0-a3bc-cf5db1cc65b8,SPREAD,1499.0,0.9998000000000001
d36bac3b-ae6f-42c0-a3bc-cf5db1cc65b8,SPREAD,1749.0,0.9998000000000001
d36bac3b-ae6f-42c0-a3bc-cf5db1cc65b8,SPREAD,1999.0,0.9998000000000001
d36bac3b-ae6f-42c0-a3bc-cf5db1cc65b8,SPREAD,2249.0,0.9998000000000001
d36bac3b-ae6f-42c0-a3bc-cf5db1cc65b8,SPREAD,2499.0,0.9998000000000001
d36bac3b-ae6f-42c0-a3bc-cf5db1cc65b8,SPREAD,2749.0,0.9998000000000001
d36bac3b-ae6f-42c0-a3bc-cf5db1cc65b8,SPREAD,2999.0,0.9998000000000001
d36bac3b-ae6f-42c0-a3bc-cf5db1cc65b8,SPREAD,3249.0,0.9998000000000001
d36bac3b-ae6f-42c0-a3bc-cf5db1cc65b8,SPREAD,3499.0,0.9998000000000001
d36bac3b-ae6f-42c0-a3bc-cf5db1cc65b8,SPREAD,3749.0,0.9998000000000001
d36bac3b-ae6f-42c0-a3bc-cf5db1cc65b8,SPREAD,3999.0,0.9998000000000001
d36bac3b-ae6f-42c0-a3bc-cf5db1cc65b8,SPREAD,4249.0,0.9998000000000001
d36bac3b-ae6f-42c0-a3bc-cf5db1cc65b8,SPREAD,4499.0,0.9998000000000001
d36bac3b-ae6f-42c0-a3bc-cf5db1cc65b8,SPREAD,4749.0,0.9998000000000001
d36bac3b-ae6f-42c0-a3bc-cf5db1cc65b8,SPREAD,4999.0,0.9998000000000001
d36bac3b-ae6f-42c0-a3bc-cf5db1cc65b8,SPREAD,5249.0,0.9998000000000001
d36bac3b-ae6f-42c0-a3bc-cf5db1cc65b8,SPREAD,5499.0,0.9998000000000001
d36bac3b-ae6f-42c0-a3bc-cf5db1cc65b8,SPREAD,5749.0,0.9998000000000001
d36bac3b-ae6f-42c0-a3bc-cf5db1cc65b8,SPREAD,5999.0,0.9998000000000001
d36bac3b-ae6f-42c0-a3bc-cf5db1cc65b8,SPREAD,6249.0,0.9998000000000001
d36bac3b-ae6f-42c0-a3bc-cf5db1cc65b8,SPREAD,6499.0,0.9998000000000001
d36bac3b-ae6f-42c0-a3bc-cf5db1cc65b8,SPREAD,6749.0,0.9998000000000001
d36bac3b-ae6f-42c0-a3bc-cf5db1cc65b8,SPREAD,6999.0,0.9998000000000001
d36bac3b-ae6f-42c0-a3bc-cf5db1cc65b8,SPREAD,7249.0,0.9998000000000001
d36bac3b-ae6f-42c0-a3bc-cf5db1cc65b8,SPREAD,7499.0,0.9998000000000001
d36bac3b-ae6f-42c0-a3bc-cf5db1cc65b8,SPREAD,7749.0,0.9998000000000001
d36bac3b-ae6f-42c0-a3bc-cf5db1cc65b8,SPREAD,7999.0,0.9998000000000001
d36bac3b-ae6f-42c0-a3bc-cf5db1cc65b8,SPREAD,8249.0,0.9998000000000001
d36bac3b-ae6f-42c0-a3bc-cf5db1cc65b8,SPREAD,8499.0,0.9998000000000001
d36bac3b-ae6f-42c0-a3bc-cf5db1cc65b8,SPREAD,8749.0,0.9998000000000001
d36bac3b-ae6f-42c0-a3bc-cf5db1cc65b8,SPREAD,8999.0,0.9998000000000001
d36bac3b-ae6f-42c0-a3bc-cf5db1cc65b8,SPREAD,9249.0,0.9998000000000001
d36bac3b-ae6f-42c0-a3bc-cf5db1cc65b8,SPREAD,9499.0,0.9998000000000001
d36bac3b-ae6f-42c0-a3bc-cf5db1cc65b8,SPREAD,9749.0,0.9998000000000001
d36bac3b-ae6f-42c0-a3bc-cf5db1cc65b8,SPREAD,9999.0,0.9998000000000001
d36bac3b-ae6f-42c0-a3bc-cf5db1cc65b8,DISPERSION,1.0,0.08350669633899384
d36bac3b-ae6f-42c0-a3bc-cf5db1cc65b8,DISPERSION,249.0,0.12293726253127216
d36bac3b-ae6f-42c0-a3bc-cf5db1cc65b8,DISPERSION,499.0,0.12327852717242357
d36bac3b-ae6f-42c0-a3bc-cf5db1cc65b8,DISPERSION,749.0,0.12933799360140402
d36bac3b-ae6f-42c0-a3bc-cf5db1cc65b8,DISPERSION,999.0,0.12201146639378131
d36bac3b-ae6f-42c0-a3bc-cf5db1cc65b8,DISPERSION,1249.0,0.12206582213397943
d36bac3b-ae6f-42c0-a3bc-cf5db1cc65b8,DISPERSION,1499.0,0.12710281177384472
d36bac3b-ae6f-42c0-a3bc-cf5db1cc65b8,DISPERSION,1749.0,0.12337530825394132
d36bac3b-ae6f-42c0-a3bc-cf5db1cc65b8,DISPERSION,1999.0,0.12564593981517083
d36bac3b-ae6f-42c0-a3bc-cf5db1cc65b8,DISPERSION,2249.0,0.12397858334864946
d36bac3b-ae6f-42c0-a3bc-cf5db1cc65b8,DISPERSION,2499.0,0.12624305083663762
d36bac3b-ae6f-42c0-a3bc-cf5db1cc65b8,DISPERSION,2749.0,0.12426980875593241
d36bac3b-ae6f-42c0-a3bc-cf5db1cc65b8,DISPERSION,2999.0,0.1210135697966106
d36bac3b-ae6f-42c0-a3bc-cf5db1cc65b8,DISPERSION,3249.0,0.12575761315135942
d36bac3b-ae6f-42c0-a3bc-cf5db1cc65b8,DISPERSION,3499.0,0.12232449107256267
d36bac3b-ae6f-42c0-a3bc-cf5db1cc65b8,DISPERSION,3749.0,0.12421022142643467
d36bac3b-ae6f-42c0-a3bc-cf5db1cc65b8,DISPERSION,3999.0,0.12459188247823239
d36bac3b-ae6f-42c0-a3bc-cf5db1cc65b8,DISPERSION,4249.0,0.12052224117148155
d36bac3b-ae6f-42c0-a3bc-cf5db1cc65b8,DISPERSION,4499.0,0.12420193299840192
d36bac3b-ae6f-42c0-a3bc-cf5db1cc65b8,DISPERSION,4749.0,0.1272143910684585
d36bac3b-ae6f-42c0-a3bc-cf5db1cc65b8,DISPERSION,4999.0,0.12351365604786299
d36bac3b-ae6f-42c0-a3bc-cf5db1cc65b8,DISPERSION,5249.0,0.12333688676068451
d36bac3b-ae6f-42c0-a3bc-cf5db1cc65b8,DISPERSION,5499.0,0.12342421478729806
d36bac3b-ae6f-42c0-a3bc-cf5db1cc65b8,DISPERSION,5749.0,0.12278774929586903
d36bac3b-ae6f-42c0-a3bc-cf5db1cc65b8,DISPERSION,5999.0,0.12157623286971342
d36bac3b-ae6f-42c0-a3bc-cf5db1cc65b8,DISPERSION,6249.0,0.12594529953068737
d36bac3b-ae6f-42c0-a3bc-cf5db1cc65b8,DISPERSION,6499.0,0.12867960542789741
d36bac3b-ae6f-42c0-a3bc-cf5db1cc65b8,DISPERSION,6749.0,0.12556537311885774
d36bac3b-ae6f-42c0-a3bc-cf5db1cc65b8,DISPERSION,6999.0,0.12202204970968233
d36bac3b-ae6f-42c0-a3bc-cf5db1cc65b8,DISPERSION,7249.0,0.12181053642803716
d36bac3b-ae6f-42c0-a3bc-cf5db1cc65b8,DISPERSION,7499.0,0.12184778009507542
d36bac3b-ae6f-42c0-a3bc-cf5db1cc65b8,DISPERSION,7749.0,0.124927329217752
d36bac3b-ae6f-42c0-a3bc-cf5db1cc65b8,DISPERSION,7999.0,0.12335022282208322
d36bac3b-ae6f-42c0-a3bc-cf5db1cc65b8,DISPERSION,8249.0,0.12571100321088266
d36bac3b-ae6f-42c0-a3bc-cf5db1cc65b8,DISPERSION,8499.0,0.12712478665388835
d36bac3b-ae6f-42c0-a3bc-cf5db1cc65b8,DISPERSION,8749.0,0.1261719826891813
d36bac3b-ae6f-42c0-a3bc-cf5db1cc65b8,DISPERSION,8999.0,0.12388269175913269
d36bac3b-ae6f-42c0-a3bc-cf5db1cc65b8,DISPERSION,9249.0,0.12176604638449876
d36bac3b-ae6f-42c0-a3bc-cf5db1cc65b8,DISPERSION,9499.0,0.1234411626464482
d36bac3b-ae6f-42c0-a3bc-cf5db1cc65b8,DISPERSION,9749.0,0.12367136872153713
d36bac3b-ae6f-42c0-a3bc-cf5db1cc65b8,DISPERSION,9999.0,0.12410958519315236
d36bac3b-ae6f-42c0-a3bc-cf5db1cc65b8,COVERED_BINS,1.0,1.0
d36bac3b-ae6f-42c0-a3bc-cf5db1cc65b8,COVERED_BINS,249.0,0.9650000000000001
d36bac3b-ae6f-42c0-a3bc-cf5db1cc65b8,COVERED_BINS,499.0,0.9650000000000001
d36bac3b-ae6f-42c0-a3bc-cf5db1cc65b8,COVERED_BINS,749.0,0.9700000000000001
d36bac3b-ae6f-42c0-a3bc-cf5db1cc65b8,COVERED_BINS,999.0,0.9550000000000001
d36bac3b-ae6f-42c0-a3bc-cf5db1cc65b8,COVERED_BINS,1249.0,0.97
d36bac3b-ae6f-42c0-a3bc-cf5db1cc65b8,COVERED_BINS,1499.0,0.975
d36bac3b-ae6f-42c0-a3bc-cf5db1cc65b8,COVERED_BINS,1749.0,0.97
d36bac3b-ae6f-42c0-a3bc-cf5db1cc65b8,COVERED_BINS,1999.0,0.9725000000000001
d36bac3b-ae6f-42c0-a3bc-cf5db1cc65b8,COVERED_BINS,2249.0,0.9700000000000001
d36bac3b-ae6f-42c0-a3bc-cf5db1cc65b8,COVERED_BINS,2499.0,0.975
d36bac3b-ae6f-42c0-a3bc-cf5db1cc65b8,COVERED_BINS,2749.0,0.9574999999999999
d36bac3b-ae6f-42c0-a3bc-cf5db1cc65b8,COVERED_BINS,2999.0,0.9625
d36bac3b-ae6f-42c0-a3bc-cf5db1cc65b8,COVERED_BINS,3249.0,0.9600000000000002
d36bac3b-ae6f-42c0-a3bc-cf5db1cc65b8,COVERED_BINS,3499.0,0.9475000000000001
d36bac3b-ae6f-42c0-a3bc-cf5db1cc65b8,COVERED_BINS,3749.0,0.9575000000000001
d36bac3b-ae6f-42c0-a3bc-cf5db1cc65b8,COVERED_BINS,3999.0,0.9550000000000001
d36bac3b-ae6f-42c0-a3bc-cf5db1cc65b8,COVERED_BINS,4249.0,0.9725000000000001
d36bac3b-ae6f-42c0-a3bc-cf5db1cc65b8,COVERED_BINS,4499.0,0.9475000000000001
d36bac3b-ae6f-42c0-a3bc-cf5db1cc65b8,COVERED_BINS,4749.0,0.9550000000000001
d36bac3b-ae6f-42c0-a3bc-cf5db1cc65b8,COVERED_BINS,4999.0,0.9625
d36bac3b-ae6f-42c0-a3bc-cf5db1cc65b8,COVERED_BINS,5249.0,0.9475000000000001
d36bac3b-ae6f-42c0-a3bc-cf5db1cc65b8,COVERED_BINS,5499.0,0.9524999999999999
d36bac3b-ae6f-42c0-a3bc-cf5db1cc65b8,COVERED_BINS,5749.0,0.9549999999999998
d36bac3b-ae6f-42c0-a3bc-cf5db1cc65b8,COVERED_BINS,5999.0,0.9550000000000001
d36bac3b-ae6f-42c0-a3bc-cf5db1cc65b8,COVERED_BINS,6249.0,0.9550000000000001
d36bac3b-ae6f-42c0-a3bc-cf5db1cc65b8,COVERED_BINS,6499.0,0.9650000000000001
d36bac3b-ae6f-42c0-a3bc-cf5db1cc65b8,COVERED_BINS,6749.0,0.96
d36bac3b-ae6f-42c0-a3bc-cf5db1cc65b8,COVERED_BINS,6999.0,0.9550000000000001
d36bac3b-ae6f-42c0-a3bc-cf5db1cc65b8,COVERED_BINS,7249.0,0.9724999999999999
d36bac3b-ae6f-42c0-a3bc-cf5db1cc65b8,COVERED_BINS,7499.0,0.97
d36bac3b-ae6f-42c0-a3bc-cf5db1cc65b8,COVERED_BINS,7749.0,0.9675
d36bac3b-ae6f-42c0-a3bc-cf5db1cc65b8,COVERED_BINS,7999.0,0.9574999999999999
d36bac3b-ae6f-42c0-a3bc-cf5db1cc65b8,COVERED_BINS,8249.0,0.95
d36bac3b-ae6f-42c0-a3bc-cf5db1cc65b8,COVERED_BINS,8499.0,0.9600000000000002
d36bac3b-ae6f-42c0-a3bc-cf5db1cc65b8,COVERED_BINS,8749.0,0.9700000000000001
d36bac3b-ae6f-42c0-a3bc-cf5db1cc65b8,COVERED_BINS,8999.0,0.97
d36bac3b-ae6f-42c0-a3bc-cf5db1cc65b8,COVERED_BINS,9249.0,0.9625
d36bac3b-ae6f-42c0-a3bc-cf5db1cc65b8,COVERED_BINS,9499.0,0.96
d36bac3b-ae6f-42c0-a3bc-cf5db1cc65b8,COVERED_BINS,9749.0,0.9649999999999999
d36bac3b-ae6f-42c0-a3bc-cf5db1cc65b8,COVERED_BINS,9999.0,0.9600000000000002
d36bac3b-ae6f-42c0-a3bc-cf5db1cc65b8,BINS_VARIANCE,1.0,0.026452278750994533
d36bac3b-ae6f-42c0-a3bc-cf5db1cc65b8,BINS_VARIANCE,249.0,0.01998082951178013
d36bac3b-ae6f-42c0-a3bc-cf5db1cc65b8,BINS_VARIANCE,499.0,0.01926425213894794
d36bac3b-ae6f-42c0-a3bc-cf5db1cc65b8,BINS_VARIANCE,749.0,0.019689709627687874
d36bac3b-ae6f-42c0-a3bc-cf5db1cc65b8,BINS_VARIANCE,999.0,0.018952707646692657
d36bac3b-ae6f-42c0-a3bc-cf5db1cc65b8,BINS_VARIANCE,1249.0,0.019147518979327156
d36bac3b-ae6f-42c0-a3bc-cf5db1cc65b8,BINS_VARIANCE,1499.0,0.018972055311955394
d36bac3b-ae6f-42c0-a3bc-cf5db1cc65b8,BINS_VARIANCE,1749.0,0.018968751490478324
d36bac3b-ae6f-42c0-a3bc-cf5db1cc65b8,BINS_VARIANCE,1999.0,0.018708954920886645
d36bac3b-ae6f-42c0-a3bc-cf5db1cc65b8,BINS_VARIANCE,2249.0,0.019395829662825288
d36bac3b-ae6f-42c0-a3bc-cf5db1cc65b8,BINS_VARIANCE,2499.0,0.019571700584548837
d36bac3b-ae6f-42c0-a3bc-cf5db1cc65b8,BINS_VARIANCE,2749.0,0.01780913440064056
d36bac3b-ae6f-42c0-a3bc-cf5db1cc65b8,BINS_VARIANCE,2999.0,0.018834592160316795
d36bac3b-ae6f-42c0-a3bc-cf5db1cc65b8,BINS_VARIANCE,3249.0,0.019215582722733042
d36bac3b-ae6f-42c0-a3bc-cf5db1cc65b8,BINS_VARIANCE,3499.0,0.019304250672289976
d36bac3b-ae6f-42c0-a3bc-cf5db1cc65b8,BINS_VARIANCE,3749.0,0.018771714374752467
d36bac3b-ae6f-42c0-a3bc-cf5db1cc65b8,BINS_VARIANCE,3999.0,0.01953154076550816
d36bac3b-ae6f-42c0-a3bc-cf5db1cc65b8,BINS_VARIANCE,4249.0,0.019379299960430314
d36bac3b-ae6f-42c0-a3bc-cf5db1cc65b8,BINS_VARIANCE,4499.0,0.01888553525710208
d36bac3b-ae6f-42c0-a3bc-cf5db1cc65b8,BINS_VARIANCE,4749.0,0.018895438064040364
d36bac3b-ae6f-42c0-a3bc-cf5db1cc65b8,BINS_VARIANCE,4999.0,0.019540561918371956
d36bac3b-ae6f-42c0-a3bc-cf5db1cc65b8,BINS_VARIANCE,5249.0,0.017831993366815003
d36bac3b-ae6f-42c0-a3bc-cf5db1cc65b8,BINS_VARIANCE,5499.0,0.019048152541830444
d36bac3b-ae6f-42c0-a3bc-cf5db1cc65b8,BINS_VARIANCE,5749.0,0.018273136401791387
d36bac3b-ae6f-42c0-a3bc-cf5db1cc65b8,BINS_VARIANCE,5999.0,0.018686562535437094
d36bac3b-ae6f-42c0-a3bc-cf5db1cc65b8,BINS_VARIANCE,6249.0,0.018594363914831148
d36bac3b-ae6f-42c0-a3bc-cf5db1cc65b8,BINS_VARIANCE,6499.0,0.018665941905200555
d36bac3b-ae6f-42c0-a3bc-cf5db1cc65b8,BINS_VARIANCE,6749.0,0.019045183815976603
d36bac3b-ae6f-42c0-a3bc-cf5db1cc65b8,BINS_VARIANCE,6999.0,0.017963426388918746
d36bac3b-ae6f-42c0-a3bc-cf5db1cc65b8,BINS_VARIANCE,7249.0,0.01850487435015013
d36bac3b-ae6f-42c0-a3bc-cf5db1cc65b8,BINS_VARIANCE,7499.0,0.019835107334791206
d36bac3b-ae6f-42c0-a3bc-cf5db1cc65b8,BINS_VARIANCE,7749.0,0.01961888400936292
d36bac3b-ae6f-42c0-a3bc-cf5db1cc65b8,BINS_VARIANCE,7999.0,0.019586887845958637
d36bac3b-ae6f-42c0-a3bc-cf5db1cc65b8,BINS_VARIANCE,8249.0,0.018629787053706062
d36bac3b-ae6f-42c0-a3bc-cf5db1cc65b8,BINS_VARIANCE,8499.0,0.018342831368650836
d36bac3b-ae6f-42c0-a3bc-cf5db1cc65b8,BINS_VARIANCE,8749.0,0.01929691594612223
d36bac3b-ae6f-42c0-a3bc-cf5db1cc65b8,BINS_VARIANCE,8999.0,0.019510686349518143
d36bac3b-ae6f-42c0-a3bc-cf5db1cc65b8,BINS_VARIANCE,9249.0,0.018836277824576884
d36bac3b-ae6f-42c0-a3bc-cf5db1cc65b8,BINS_VARIANCE,9499.0,0.019247862024045673
d36bac3b-ae6f-42c0-a3bc-cf5db1cc65b8,BINS_VARIANCE,9749.0,0.020008384614706644
d36bac3b-ae6f-42c0-a3bc-cf5db1cc65b8,BINS_VARIANCE,9999.0,0.019415344897867386
